package	suite	version
adduser	resolute,now	3.153ubuntu1
adwaita-icon-theme	resolute,now	50.0-1
alacritty	resolute,now	0.16.1-2ubuntu1
apparmor	resolute,now	5.0.0~beta1-0ubuntu7
apport-core-dump-handler	resolute,now	2.34.0-0ubuntu2
apport-symptoms	resolute,now	0.25build1
apport	resolute,now	2.34.0-0ubuntu2
appstream	resolute,now	1.1.2-1
apt	resolute,now	3.2.0
at-spi2-common	resolute,now	2.60.0-1
at-spi2-core	resolute,now	2.60.0-1
base-files	resolute-updates,now	14ubuntu6.1
base-passwd	resolute,now	3.6.8
bash-completion	resolute,now	1:2.16.0-8build1
bash	resolute,now	5.3-2ubuntu1
bc	resolute,now	1.07.1-4build1
binutils-common	resolute,now	2.46-3ubuntu2
binutils-x86-64-linux-gnu	resolute,now	2.46-3ubuntu2
binutils	resolute,now	2.46-3ubuntu2
bsdextrautils	resolute,now	2.41.3-3ubuntu2
bsdutils	resolute,now	1:2.41.3-3ubuntu2
bubblewrap	resolute-updates,resolute-security,now	0.11.1-1ubuntu0.1
build-essential	resolute,now	12.12ubuntu2
byobu	resolute,now	6.11-0ubuntu3
bzip2	resolute,now	1.0.8-6build2
ca-certificates	resolute,now	20260223
chrony	resolute,now	4.8-2ubuntu1
cloud-guest-utils	resolute,now	0.33-1build1
cloud-init-base	resolute,now	26.1-0ubuntu2
cloud-init	resolute,now	26.1-0ubuntu2
cmake-data	resolute,now	4.2.3-2ubuntu2
cmake	resolute,now	4.2.3-2ubuntu2
command-not-found	resolute,now	23.04.0build1
console-setup-linux	resolute,now	1.237ubuntu3
console-setup	resolute,now	1.237ubuntu3
coreutils-from-uutils	resolute,now	0.0.0~ubuntu25
coreutils	resolute,now	9.5-1ubuntu2+0.0.0~ubuntu25
cpp-15-x86-64-linux-gnu	resolute,now	15.2.0-16ubuntu1
cpp-15	resolute,now	15.2.0-16ubuntu1
cpp-x86-64-linux-gnu	resolute,now	4:15.2.0-5ubuntu1
cpp	resolute,now	4:15.2.0-5ubuntu1
cron-daemon-common	resolute,now	3.0pl1-200ubuntu1
cron	resolute,now	3.0pl1-200ubuntu1
curl	resolute-updates,resolute-security,now	8.18.0-1ubuntu2.1
dash	resolute,now	0.5.12-12ubuntu3
dbus-bin	resolute,now	1.16.2-2ubuntu4
dbus-daemon	resolute,now	1.16.2-2ubuntu4
dbus-session-bus-common	resolute,now	1.16.2-2ubuntu4
dbus-system-bus-common	resolute,now	1.16.2-2ubuntu4
dbus-user-session	resolute,now	1.16.2-2ubuntu4
dbus-x11	resolute,now	1.16.2-2ubuntu4
dbus	resolute,now	1.16.2-2ubuntu4
dconf-gsettings-backend	resolute,now	0.49.0-4
dconf-service	resolute,now	0.49.0-4
debconf-i18n	resolute,now	1.5.92
debconf	resolute,now	1.5.92
debianutils	resolute,now	5.23.2build1
dhcpcd-base	resolute,now	1:10.3.0-7
diffutils	resolute,now	1:3.12-1
dirmngr	resolute,now	2.4.8-4ubuntu3
distro-info-data	resolute-updates,resolute-security,now	0.68ubuntu0.1
distro-info	resolute,now	1.15
dmsetup	resolute,now	2:1.02.205-2ubuntu3
dpkg-dev	resolute,now	1.23.7ubuntu1
dpkg	resolute,now	1.23.7ubuntu1
e2fsprogs	resolute,now	1.47.2-3ubuntu4
eatmydata	resolute,now	131-2build1
ed	resolute,now	1.22.4-1
eject	resolute,now	2.41.3-3ubuntu2
eslint	resolute,now	6.4.0~dfsg+~6.1.9-12
ethtool	resolute,now	1:6.19-1
fakeroot	resolute,now	1.37.2-1
fdisk	resolute,now	2.41.3-3ubuntu2
file	resolute,now	1:5.46-5build2
findutils	resolute,now	4.10.0-3build2
fontconfig-config	resolute,now	2.17.1-3ubuntu1
fontconfig	resolute,now	2.17.1-3ubuntu1
fonts-dejavu-core	resolute,now	2.37-8build1
fonts-dejavu-mono	resolute,now	2.37-8build1
fonts-mathjax	resolute,now	2.7.9+dfsg-1build1
fonts-ubuntu	resolute,now	0.869+git20240321-0ubuntu2
fuse3	resolute,now	3.18.2-1
g++-15-x86-64-linux-gnu	resolute,now	15.2.0-16ubuntu1
g++-15	resolute,now	15.2.0-16ubuntu1
g++-x86-64-linux-gnu	resolute,now	4:15.2.0-5ubuntu1
g++	resolute,now	4:15.2.0-5ubuntu1
gawk	resolute,now	1:5.3.2-1ubuntu1
gcc-15-base	resolute,now	15.2.0-16ubuntu1
gcc-15-x86-64-linux-gnu	resolute,now	15.2.0-16ubuntu1
gcc-15	resolute,now	15.2.0-16ubuntu1
gcc-16-base	resolute,now	16-20260322-1ubuntu1
gcc-x86-64-linux-gnu	resolute,now	4:15.2.0-5ubuntu1
gcc	resolute,now	4:15.2.0-5ubuntu1
gdisk	resolute,now	1.0.10-2build1
gettext-base	resolute,now	0.23.2-1
gh	resolute,now	2.46.0-4
gir1.2-girepository-3.0	resolute,now	2.88.0-1
gir1.2-glib-2.0	resolute,now	2.88.0-1
gir1.2-packagekitglib-1.0	resolute-updates,resolute-security,now	1.3.4-3ubuntu1
git-man	resolute,now	1:2.53.0-1ubuntu1
git	resolute,now	1:2.53.0-1ubuntu1
glycin-loaders	resolute,now	2.1.1+ds-0ubuntu1
glycin-thumbnailers	resolute,now	2.1.1+ds-0ubuntu1
gnu-coreutils	resolute,now	9.7-3ubuntu2
gnupg-l10n	resolute,now	2.4.8-4ubuntu3
gnupg-utils	resolute,now	2.4.8-4ubuntu3
gnupg	resolute,now	2.4.8-4ubuntu3
gpg-agent	resolute,now	2.4.8-4ubuntu3
gpg-wks-client	resolute,now	2.4.8-4ubuntu3
gpg	resolute,now	2.4.8-4ubuntu3
gpgconf	resolute,now	2.4.8-4ubuntu3
gpgsm	resolute,now	2.4.8-4ubuntu3
gpgv	resolute,now	2.4.8-4ubuntu3
grep	resolute,now	3.12-1
groff-base	resolute,now	1.23.0-10
gsettings-desktop-schemas	resolute,now	50.0-1ubuntu2
gtk-update-icon-cache	resolute,now	4.22.2+ds-1ubuntu1
gyp	resolute,now	0.16.2-2build1
gzip	resolute,now	1.14-1~exp2ubuntu1
handlebars	resolute,now	3:4.7.7+~4.1.0-1
hcloud-cli	resolute,now	1.39.0-3
hicolor-icon-theme	resolute,now	0.18-2build1
hostname	resolute,now	3.25build1
ibus-gtk3	resolute,now	1.5.34~rc2-1
idle-python3.14	resolute,now	3.14.4-1
idle	resolute,now	3.14.3-0ubuntu2
info	resolute,now	7.2-5ubuntu2
init-system-helpers	resolute,now	1.69
init	resolute,now	1.69
install-info	resolute,now	7.2-5ubuntu2
iproute2	resolute,now	6.19.0-1ubuntu1
iputils-ping	resolute,now	3:20250605-1ubuntu1
iso-codes	resolute,now	4.20.1-1
javascript-common	resolute,now	12+nmu1build1
kbd	resolute,now	2.7.1-2ubuntu2
keyboard-configuration	resolute,now	1.237ubuntu3
kmod	resolute,now	34.2-2ubuntu2
krb5-locales	resolute,now	1.22.1-2ubuntu4
landscape-client	resolute,now	26.02.2-0ubuntu1
landscape-common	resolute,now	26.02.2-0ubuntu1
less	resolute,now	668-1build1
libabsl20260107	resolute,now	20260107.0-4
libacl1	resolute,now	2.3.2-2
libada-url0-3	resolute,now	3.4.3-1
libalgorithm-diff-perl	resolute,now	1.201-1
libalgorithm-diff-xs-perl	resolute,now	0.04-9
libalgorithm-merge-perl	resolute,now	0.08-5
libaom3	resolute,now	3.13.1-2
libapparmor1	resolute,now	5.0.0~beta1-0ubuntu7
libappstream5	resolute,now	1.1.2-1
libapt-pkg7.0	resolute,now	3.2.0
libarchive13t64	resolute-updates,resolute-security,now	3.8.5-1ubuntu2.1
libasan8	resolute,now	16-20260322-1ubuntu1
libassuan9	resolute,now	3.0.2-2build1
libatk-bridge2.0-0t64	resolute,now	2.60.0-1
libatk1.0-0t64	resolute,now	2.60.0-1
libatomic1	resolute,now	16-20260322-1ubuntu1
libatspi2.0-0t64	resolute,now	2.60.0-1
libattr1	resolute,now	1:2.5.2-4
libaudit-common	resolute,now	1:4.1.2-1build1
libaudit1	resolute,now	1:4.1.2-1build1
libauthen-sasl-perl	resolute,now	2.2000-1
libavahi-client3	resolute-updates,resolute-security,now	0.8-18ubuntu1.1
libavahi-common-data	resolute-updates,resolute-security,now	0.8-18ubuntu1.1
libavahi-common3	resolute-updates,resolute-security,now	0.8-18ubuntu1.1
libbinutils	resolute,now	2.46-3ubuntu2
libblkid1	resolute,now	2.41.3-3ubuntu2
libbpf1	resolute,now	1:1.6.3-1ubuntu1
libbrotli1	resolute,now	1.2.0-3build1
libbsd0	resolute,now	0.12.2-2build2
libbz2-1.0	resolute,now	1.0.8-6build2
libc-bin	resolute,now	2.43-2ubuntu2
libc-dev-bin	resolute,now	2.43-2ubuntu2
libc-gconv-modules-extra	resolute,now	2.43-2ubuntu2
libc6-dev	resolute,now	2.43-2ubuntu2
libc6	resolute,now	2.43-2ubuntu2
libcairo-gobject2	resolute,now	1.18.4-3
libcairo2	resolute,now	1.18.4-3
libcap-ng0	resolute,now	0.8.5-4build5
libcap2-bin	resolute,now	1:2.75-10ubuntu2
libcap2	resolute,now	1:2.75-10ubuntu2
libcares2	resolute,now	1.34.6-1
libcbor0.10	resolute,now	0.10.2-2ubuntu3
libcc1-0	resolute,now	16-20260322-1ubuntu1
libclone-perl	resolute,now	0.47-1
libcolord2	resolute,now	1.4.8-3
libcom-err2	resolute,now	1.47.2-3ubuntu4
libcrypt-urandom-perl	resolute,now	0.55-1
libcrypt1	resolute,now	1:4.5.1-1
libcryptsetup12	resolute,now	2:2.8.4-1ubuntu4
libctf-nobfd0	resolute,now	2.46-3ubuntu2
libctf0	resolute,now	2.46-3ubuntu2
libcups2t64	resolute-security,now	2.4.16-1ubuntu1.2
libcurl3t64-gnutls	resolute-updates,resolute-security,now	8.18.0-1ubuntu2.1
libcurl4t64	resolute-updates,resolute-security,now	8.18.0-1ubuntu2.1
libdata-dump-perl	resolute,now	1.25-1
libdatrie1	resolute,now	0.2.14-1
libdb5.3t64	resolute,now	5.3.28+dfsg2-10ubuntu1
libdbus-1-3	resolute,now	1.16.2-2ubuntu4
libdconf1	resolute,now	0.49.0-4
libdebconfclient0	resolute,now	0.280ubuntu1
libdevmapper1.02.1	resolute,now	2:1.02.205-2ubuntu3
libdisplay-info3	resolute,now	0.3.0-1
libdpkg-perl	resolute,now	1.23.7ubuntu1
libdrm-amdgpu1	resolute,now	2.4.131-1
libdrm-common	resolute,now	2.4.131-1
libdrm-intel1	resolute,now	2.4.131-1
libdrm2	resolute,now	2.4.131-1
libduktape207	resolute,now	2.7.0+tests-0ubuntu4
libeatmydata1	resolute,now	131-2build1
libedit2	resolute,now	3.1-20251016-1
libegl-mesa0	resolute,now	26.0.3-1ubuntu1
libegl1	resolute,now	1.7.0-3
libelf1t64	resolute,now	0.194-4
libencode-locale-perl	resolute,now	1.05-3
libepoxy0	resolute,now	1.5.10-2build1
liberror-perl	resolute,now	0.17030-1
libestr0	resolute,now	0.1.11-2build1
libevent-core-2.1-7t64	resolute,now	2.1.12-stable-10build2
libexpat1-dev	resolute,now	2.7.4-1
libexpat1	resolute,now	2.7.4-1
libext2fs2t64	resolute,now	1.47.2-3ubuntu4
libfakeroot	resolute,now	1.37.2-1
libfastjson4	resolute,now	1.2304.0-2build1
libfdisk1	resolute,now	2.41.3-3ubuntu2
libffi8	resolute,now	3.5.2-4
libfido2-1	resolute,now	1.16.0-2build1
libfile-basedir-perl	resolute,now	0.09-2
libfile-desktopentry-perl	resolute,now	0.23-1
libfile-fcntllock-perl	resolute,now	0.22-4ubuntu6
libfile-listing-perl	resolute,now	6.16-1
libfile-mimeinfo-perl	resolute,now	0.36-2
libfont-afm-perl	resolute,now	1.20-4
libfontconfig1	resolute,now	2.17.1-3ubuntu1
libfreetype6	resolute,now	2.14.2+dfsg-1
libfribidi0	resolute,now	1.0.16-5
libfuse3-4	resolute,now	3.18.2-1
libfyaml0	resolute,now	0.9.4-1
libgbm1	resolute,now	26.0.3-1ubuntu1
libgcc-15-dev	resolute,now	15.2.0-16ubuntu1
libgcc-s1	resolute,now	16-20260322-1ubuntu1
libgcrypt20	resolute-updates,resolute-security,now	1.12.0-2ubuntu0.1
libgdbm-compat4t64	resolute,now	1.26-1build1
libgdbm6t64	resolute,now	1.26-1build1
libgdk-pixbuf-2.0-0	resolute,now	2.44.5+dfsg-4ubuntu1
libgdk-pixbuf2.0-common	resolute,now	2.44.5+dfsg-4ubuntu1
libgirepository-2.0-0	resolute,now	2.88.0-1
libgl1-mesa-dri	resolute,now	26.0.3-1ubuntu1
libgl1	resolute,now	1.7.0-3
libglib2.0-0t64	resolute,now	2.88.0-1
libglib2.0-bin	resolute,now	2.88.0-1
libglib2.0-data	resolute,now	2.88.0-1
libglvnd0	resolute,now	1.7.0-3
libglx-mesa0	resolute,now	26.0.3-1ubuntu1
libglx0	resolute,now	1.7.0-3
libglycin-2-0	resolute,now	2.1.1+ds-0ubuntu1
libgmp10	resolute,now	2:6.3.0+dfsg-5ubuntu2
libgnutls30t64	resolute-updates,resolute-security,now	3.8.12-2ubuntu1.1
libgomp1	resolute,now	16-20260322-1ubuntu1
libgpg-error-l10n	resolute,now	1.58-2
libgpg-error0	resolute,now	1.58-2
libgpm2	resolute,now	1.20.7-12build1
libgprofng0	resolute,now	2.46-3ubuntu2
libgraphite2-3	resolute,now	1.3.14-11ubuntu1
libgssapi-krb5-2	resolute,now	1.22.1-2ubuntu4
libgstreamer1.0-0	resolute,now	1.28.2-1
libgtk-3-0t64	resolute,now	3.24.52-0ubuntu1
libgtk-3-bin	resolute,now	3.24.52-0ubuntu1
libgtk-3-common	resolute,now	3.24.52-0ubuntu1
libharfbuzz0b	resolute,now	12.3.2-2
libheif-plugin-aomdec	resolute,now	1.21.2-3
libheif-plugin-aomenc	resolute,now	1.21.2-3
libheif1	resolute,now	1.21.2-3
libhogweed6t64	resolute,now	3.10.2-1
libhtml-form-perl	resolute,now	6.13-1build1
libhtml-format-perl	resolute,now	2.16-2
libhtml-parser-perl	resolute,now	3.83-1build1
libhtml-tagset-perl	resolute,now	3.24-1
libhtml-tree-perl	resolute,now	5.07-3
libhttp-cookies-perl	resolute,now	6.11-1
libhttp-daemon-perl	resolute,now	6.16-1
libhttp-date-perl	resolute,now	6.06-1
libhttp-message-perl	resolute,now	7.01-1ubuntu1
libhttp-negotiate-perl	resolute,now	6.01-2
libhwasan0	resolute,now	16-20260322-1ubuntu1
libhwy1t64	resolute,now	1.3.0-2
libibus-1.0-5	resolute,now	1.5.34~rc2-1
libice6	resolute,now	2:1.1.1-1build1
libicu78	resolute,now	78.2-2ubuntu1
libidn2-0	resolute,now	2.3.8-4build1
libio-html-perl	resolute,now	1.004-3
libio-socket-ssl-perl	resolute,now	2.098-1
libio-stringy-perl	resolute,now	2.113-2
libipc-system-simple-perl	resolute,now	1.30-2
libisl23	resolute,now	0.27-1build1
libitm1	resolute,now	16-20260322-1ubuntu1
libjansson4	resolute,now	2.14-2build4
libjemalloc2	resolute,now	5.3.0-4
libjs-events	resolute,now	3.3.0+~3.0.3-1
libjs-inherits	resolute,now	2.0.4-6
libjs-jquery	resolute,now	3.7.1+dfsg+~3.5.33-1build1
libjs-mathjax	resolute,now	2.7.9+dfsg-1build1
libjs-prettify	resolute,now	2015.12.04+dfsg-3
libjs-regenerate	resolute,now	1.4.2-3
libjs-source-map	resolute,now	0.7.0++dfsg2+really.0.6.1-15
libjs-sphinxdoc	resolute,now	8.2.3-12
libjs-sprintf-js	resolute,now	1.1.3+ds1+~1.1.4-2
libjs-underscore	resolute,now	1.13.8~dfsg+~1.13.0-1
libjs-util	resolute,now	0.12.5+~1.0.10-2
libjson-c5	resolute,now	0.18+ds-3
libjsoncpp26	resolute,now	1.9.6-5
libjxl0.11	resolute-updates,resolute-security,now	0.11.1-6ubuntu4.2
libk5crypto3	resolute,now	1.22.1-2ubuntu4
libkeyutils1	resolute,now	1.6.3-6ubuntu3
libkmod2	resolute,now	34.2-2ubuntu2
libkrb5-3	resolute,now	1.22.1-2ubuntu4
libkrb5support0	resolute,now	1.22.1-2ubuntu4
libksba8	resolute,now	1.6.7-2build1
liblcms2-2	resolute-updates,resolute-security,now	2.17-1ubuntu0.2
libldap-common	resolute,now	2.6.10+dfsg-1ubuntu5
libldap2	resolute,now	2.6.10+dfsg-1ubuntu5
libllhttp9.3	resolute,now	9.3.3~really9.3.0+~cs12.11.8-3build1
libllvm21	resolute,now	1:21.1.8-6ubuntu1
liblocale-gettext-perl	resolute,now	1.07-8
liblsan0	resolute,now	16-20260322-1ubuntu1
liblsof0	resolute,now	4.99.4+dfsg-2build2
liblwp-mediatypes-perl	resolute,now	6.04-2
liblwp-protocol-https-perl	resolute,now	6.14-1
liblz4-1	resolute,now	1.10.0-8
liblzma5	resolute,now	5.8.3-1
liblzo2-2	resolute,now	2.10-3build2
libmagic-mgc	resolute,now	1:5.46-5build2
libmagic1t64	resolute,now	1:5.46-5build2
libmailtools-perl	resolute,now	2.22-1
libmd0	resolute,now	1.1.0-2build4
libmnl0	resolute,now	1.0.5-3build1
libmount1	resolute,now	2.41.3-3ubuntu2
libmpc3	resolute,now	1.3.1-3
libmpfr6	resolute,now	4.2.2-3
libncursesw6	resolute,now	6.6+20251231-1
libnet-dbus-perl	resolute,now	1.2.0-2build4
libnet-http-perl	resolute,now	6.24-1build1
libnet-smtp-ssl-perl	resolute,now	1.04-2
libnet-ssleay-perl	resolute,now	1.94-3
libnetplan1	resolute,now	1.2-1ubuntu5
libnettle8t64	resolute,now	3.10.2-1
libnewt0.52	resolute,now	0.52.25-1ubuntu3
libnghttp2-14	resolute-updates,resolute-security,now	1.68.0-2ubuntu0.1
libnode-dev	resolute,now	22.22.1+dfsg+~cs22.19.15-1ubuntu1
libnode127	resolute,now	22.22.1+dfsg+~cs22.19.15-1ubuntu1
libnotify-bin	resolute,now	0.8.8-1
libnotify4	resolute,now	0.8.8-1
libnpth0t64	resolute,now	1.8-3build1
libnss-systemd	resolute,now	259.5-0ubuntu3
libp11-kit0	resolute,now	0.26.2-2
libpackagekit-glib2-18	resolute-updates,resolute-security,now	1.3.4-3ubuntu1
libpam-cap	resolute,now	1:2.75-10ubuntu2
libpam-modules-bin	resolute,now	1.7.0-5ubuntu3
libpam-modules	resolute,now	1.7.0-5ubuntu3
libpam-runtime	resolute,now	1.7.0-5ubuntu3
libpam-systemd	resolute,now	259.5-0ubuntu3
libpam0g	resolute,now	1.7.0-5ubuntu3
libpango-1.0-0	resolute,now	1.57.0-1
libpangocairo-1.0-0	resolute,now	1.57.0-1
libpangoft2-1.0-0	resolute,now	1.57.0-1
libpciaccess0	resolute,now	0.18.1-1ubuntu4
libpcre2-8-0	resolute,now	10.46-1build1
libperl5.40	resolute,now	5.40.1-7build1
libpipeline1	resolute,now	1.5.8-2
libpixman-1-0	resolute,now	0.46.4-1
libpng16-16t64	resolute,now	1.6.57-1
libpolkit-agent-1-0	resolute,now	127-2ubuntu1
libpolkit-gobject-1-0	resolute,now	127-2ubuntu1
libpopt0	resolute,now	1.19+dfsg-2build1
libproc2-0	resolute,now	2:4.0.4-9ubuntu1
libpsl5t64	resolute,now	0.21.2-1.1build2
libpython3-dev	resolute,now	3.14.3-0ubuntu2
libpython3-stdlib	resolute,now	3.14.3-0ubuntu2
libpython3.14-dev	resolute,now	3.14.4-1
libpython3.14-minimal	resolute,now	3.14.4-1
libpython3.14-stdlib	resolute,now	3.14.4-1
libpython3.14-testsuite	resolute,now	3.14.4-1
libpython3.14	resolute,now	3.14.4-1
libquadmath0	resolute,now	16-20260322-1ubuntu1
libre2-11	resolute,now	20250805-1build3
libreadline8t64	resolute,now	8.3-4
librhash1	resolute,now	1.4.6-1.1
librsvg2-2	resolute,now	2.61.3+dfsg-3
librsvg2-common	resolute,now	2.61.3+dfsg-3
librtmp1	resolute,now	2.4+20151223.gitfa8646d.1-3
libsasl2-2	resolute,now	2.1.28+dfsg1-9ubuntu3
libsasl2-modules-db	resolute,now	2.1.28+dfsg1-9ubuntu3
libsasl2-modules	resolute,now	2.1.28+dfsg1-9ubuntu3
libseccomp2	resolute,now	2.6.0-2ubuntu5
libselinux1	resolute,now	3.9-4build1
libsemanage-common	resolute,now	3.9-1build1
libsemanage2	resolute,now	3.9-1build1
libsensors-config	resolute,now	1:3.6.2-2build1
libsensors5	resolute,now	1:3.6.2-2build1
libsepol2	resolute,now	3.9-2
libsframe3	resolute,now	2.46-3ubuntu2
libsharpyuv0	resolute,now	1.5.0-0.1build1
libsimdjson29	resolute,now	4.2.4-1
libsimdutf31	resolute,now	8.0.0-1
libslang2	resolute,now	2.3.3-5build1
libsm6	resolute,now	2:1.2.6-1build1
libsmartcols1	resolute,now	2.41.3-3ubuntu2
libsodium23	resolute,now	1.0.18-2
libsqlite3-0	resolute,now	3.46.1-9
libss2	resolute,now	1.47.2-3ubuntu4
libssh2-1t64	resolute-updates,resolute-security,now	1.11.1-1ubuntu0.26.04.1
libssl-dev	resolute,now	3.5.5-1ubuntu3
libssl3t64	resolute,now	3.5.5-1ubuntu3
libstdc++-15-dev	resolute,now	15.2.0-16ubuntu1
libstdc++6	resolute,now	16-20260322-1ubuntu1
libstemmer0d	resolute,now	3.0.1-1
libsystemd-shared	resolute,now	259.5-0ubuntu3
libsystemd0	resolute,now	259.5-0ubuntu3
libtasn1-6	resolute,now	4.21.0-2
libtcl8.6	resolute,now	8.6.17+dfsg-1build1
libtext-charwidth-perl	resolute,now	0.04-11build4
libtext-iconv-perl	resolute,now	1.7-8.1
libtext-wrapi18n-perl	resolute,now	0.06-10
libthai-data	resolute,now	0.1.30-1
libthai0	resolute,now	0.1.30-1
libtie-ixhash-perl	resolute,now	1.23-4
libtimedate-perl	resolute,now	2.3300-2
libtinfo6	resolute,now	6.6+20251231-1
libtirpc-common	resolute,now	1.3.7-0.1
libtirpc3t64	resolute,now	1.3.7-0.1
libtk8.6	resolute,now	8.6.17-1build1
libtry-tiny-perl	resolute,now	0.32-1
libtsan2	resolute,now	16-20260322-1ubuntu1
libubsan1	resolute,now	16-20260322-1ubuntu1
libuchardet0	resolute,now	0.0.8-2
libudev1	resolute,now	259.5-0ubuntu3
libunistring5	resolute,now	1.3-2build1
liburi-perl	resolute,now	5.34-2build1
libuuid1	resolute,now	2.41.3-3ubuntu2
libuv1-dev	resolute,now	1.51.0-2ubuntu1
libuv1t64	resolute,now	1.51.0-2ubuntu1
libvulkan1	resolute,now	1.4.341.0-1
libwayland-client0	resolute,now	1.24.0-2
libwayland-cursor0	resolute,now	1.24.0-2
libwayland-egl1	resolute,now	1.24.0-2
libwww-perl	resolute-updates,resolute-security,now	6.81-1ubuntu0.1
libwww-robotrules-perl	resolute,now	6.02-1build1
libx11-6	resolute,now	2:1.8.13-1
libx11-data	resolute,now	2:1.8.13-1
libx11-protocol-perl	resolute,now	0.56-9
libx11-xcb1	resolute,now	2:1.8.13-1
libxau6	resolute,now	1:1.0.11-1build2
libxaw7	resolute,now	2:1.0.16-1build1
libxcb-dri3-0	resolute,now	1.17.0-2ubuntu1
libxcb-glx0	resolute,now	1.17.0-2ubuntu1
libxcb-present0	resolute,now	1.17.0-2ubuntu1
libxcb-randr0	resolute,now	1.17.0-2ubuntu1
libxcb-render0	resolute,now	1.17.0-2ubuntu1
libxcb-shape0	resolute,now	1.17.0-2ubuntu1
libxcb-shm0	resolute,now	1.17.0-2ubuntu1
libxcb-sync1	resolute,now	1.17.0-2ubuntu1
libxcb-xfixes0	resolute,now	1.17.0-2ubuntu1
libxcb-xkb1	resolute,now	1.17.0-2ubuntu1
libxcb1	resolute,now	1.17.0-2ubuntu1
libxcomposite1	resolute,now	1:0.4.6-1build1
libxcursor1	resolute,now	1:1.2.3-1build1
libxdamage1	resolute,now	1:1.1.7-1
libxdmcp6	resolute,now	1:1.1.5-2
libxext6	resolute,now	2:1.3.4-1build3
libxfixes3	resolute,now	1:6.0.0-2build2
libxft2	resolute,now	2.3.6-1build2
libxi6	resolute,now	2:1.8.2-2
libxinerama1	resolute,now	2:1.1.4-3build2
libxkbcommon-x11-0	resolute,now	1.13.1-1
libxkbcommon0	resolute,now	1.13.1-1
libxkbfile1	resolute,now	1:1.1.0-1build5
libxml-parser-perl	resolute,now	2.47-1ubuntu1
libxml-twig-perl	resolute,now	1:3.54-1build1
libxml-xpathengine-perl	resolute,now	0.14-2
libxml2-16	resolute,now	2.15.2+dfsg-0.1
libxmlb2	resolute,now	0.3.24-2
libxmu6	resolute,now	2:1.1.3-4
libxmuu1	resolute,now	2:1.1.3-4
libxpm4	resolute,now	1:3.5.17-1build3
libxrandr2	resolute,now	2:1.5.4-1build1
libxrender1	resolute,now	1:0.9.12-1build1
libxres1	resolute,now	2:1.2.1-1build2
libxshmfence1	resolute,now	1.3.3-1build1
libxss1	resolute,now	1:1.2.3-1build4
libxt6t64	resolute,now	1:1.2.1-1.3build1
libxtables12	resolute,now	1.8.11-2ubuntu3
libxtst6	resolute,now	2:1.2.5-1build1
libxv1	resolute,now	2:1.0.13-1
libxxf86dga1	resolute,now	2:1.1.5-1build2
libxxf86vm1	resolute,now	1:1.1.4-2
libxxhash0	resolute,now	0.8.3-2build1
libyaml-0-2	resolute,now	0.2.5-2build3
libzstd1	resolute,now	1.5.7+dfsg-3
linux-libc-dev	resolute-updates,resolute-security,now	7.0.0-22.22
linux-sysctl-defaults	resolute,now	4.15ubuntu5
locales	resolute,now	2.43-2ubuntu2
login.defs	resolute,now	1:4.17.4-2ubuntu3
login	resolute,now	1:4.16.0-2+really2.41.3-3ubuntu2
logrotate	resolute,now	3.22.0-1build1
logsave	resolute,now	1.47.2-3ubuntu4
lsb-release	resolute,now	12.1-2build1
lshw	resolute,now	02.19.git.2021.06.19.996aaad9c7-2.1ubuntu3
lsof	resolute,now	4.99.4+dfsg-2build2
lto-disabled-list	resolute,now	79
luit	resolute,now	2.0.20250912-1
make	resolute,now	4.4.1-3
man-db	resolute,now	2.13.1-1build1
manpages-dev	resolute,now	6.17-1
manpages	resolute,now	6.17-1
mawk	resolute,now	1.3.4.20260129-1
media-types	resolute,now	14.0.0build1
mesa-libgallium	resolute,now	26.0.3-1ubuntu1
mesa-vulkan-drivers	resolute,now	26.0.3-1ubuntu1
motd-news-config	resolute-updates,now	14ubuntu6.1
mount	resolute,now	2.41.3-3ubuntu2
nano	resolute-updates,resolute-security,now	8.7.1-1ubuntu0.1
ncurses-base	resolute,now	6.6+20251231-1
ncurses-bin	resolute,now	6.6+20251231-1
ncurses-term	resolute,now	6.6+20251231-1
net-tools	resolute,now	2.10-2ubuntu1
netbase	resolute,now	6.5build1
netcat-openbsd	resolute,now	1.234-1
netplan-generator	resolute,now	1.2-1ubuntu5
netplan.io	resolute,now	1.2-1ubuntu5
networkd-dispatcher	resolute,now	2.2.4-1.1ubuntu1
node-abbrev	resolute,now	1.1.1+~1.1.2-1
node-acorn	resolute,now	8.16.0+ds+~cs25.18.7-4
node-agent-base	resolute,now	7.1.4~0~2025070717+~cs15.2.7-1build1
node-ajv-keywords	resolute,now	5.1.0-4
node-ajv	resolute,now	8.17.1~ds+~3.0.1+~3.1.0-4build1
node-ampproject-remapping	resolute,now	2.2.0+~cs5.15.37-1
node-ansi-escapes	resolute,now	5.0.0+really.4.3.1-1
node-ansi-regex	resolute,now	6.2.2+~cs4.0.2-1build3
node-ansi-styles	resolute,now	6.2.3-1
node-anymatch	resolute,now	3.1.3+~cs8.0.6-1
node-aproba	resolute,now	2.1.0-1
node-archy	resolute,now	1.0.0-7
node-are-we-there-yet	resolute,now	4.0.2+~1.1.2-1
node-argparse	resolute,now	2.0.1-3
node-arrify	resolute,now	2.0.1-3
node-assert	resolute,now	2.0.0+~cs3.9.8-2
node-async-each	resolute,now	1.0.3-3
node-async	resolute,now	3.2.6+dfsg-3
node-auto-bind	resolute,now	4.0.0-2
node-babel-helper-define-polyfill-provider	resolute,now	0.3.3~0~20220913+ds1-1
node-babel-plugin-add-module-exports	resolute,now	1.0.4+dfsg1~cs5.8.0-4
node-babel-plugin-lodash	resolute,now	3.3.4+~cs2.0.1-8build1
node-babel-plugin-polyfill-corejs2	resolute,now	0.3.3~0~20220913+ds1-1
node-babel-plugin-polyfill-corejs3	resolute,now	0.6.0~0~20220913+ds1-1
node-babel-plugin-polyfill-regenerator	resolute,now	0.4.1~0~20220913+ds1-1
node-babel7-runtime	resolute,now	7.20.15+ds1+~cs214.269.168-16
node-babel7	resolute,now	7.20.15+ds1+~cs214.269.168-16
node-balanced-match	resolute,now	2.0.0-1
node-base64-js	resolute,now	1.5.1+dfsg+~1.3.0-3
node-base	resolute,now	3.0.0-3
node-binary-extensions	resolute,now	2.2.0-2
node-brace-expansion	resolute,now	2.0.1+~1.1.0-2
node-braces	resolute,now	3.0.3+~3.0.5-1
node-browserslist	resolute,now	4.28.1+~cs8.14.48-1
node-builtins	resolute,now	5.0.1-1
node-cacache	resolute,now	17.0.3+ds1+~cs8.2.7-3
node-cache-base	resolute,now	4.0.2-2
node-camelcase	resolute,now	7.0.0-4
node-caniuse-lite	resolute,now	1.0.30001780+dfsg+~1.0.5-1
node-chalk	resolute,now	5.6.2+dfsg-5build3
node-chokidar	resolute,now	3.6.0-5
node-chownr	resolute,now	3.0.0-2
node-chrome-trace-event	resolute,now	1.0.3-2
node-ci-info	resolute,now	4.4.0+~cs8.2.0-3build3
node-cjs-module-lexer	resolute,now	1.2.3+dfsg-1
node-cli-boxes	resolute,now	3.0.0-1build2
node-cli-cursor	resolute,now	4.0.0-4
node-cli-table	resolute,now	0.3.11+~cs0.13.4-3
node-cli-truncate	resolute,now	2.1.0-5
node-cliui	resolute,now	7.0.4+repack+1+~cs1.4.2-2
node-clone-deep	resolute,now	4.0.1+~cs7.0.2-1
node-clone	resolute,now	2.1.2+~2.1.4-1
node-collection-visit	resolute,now	1.0.0-4
node-color-convert	resolute,now	2.0.1+~cs2.0.0-2
node-color-name	resolute,now	1.1.4+~1.1.1-2
node-colors	resolute,now	1.4.0-4build1
node-columnify	resolute,now	1.6.0+~1.5.4-1
node-commander	resolute,now	14.0.3-7
node-commondir	resolute,now	1.0.1+~1.0.0-1
node-component-emitter	resolute,now	1.3.0+~1.2.11-2
node-concat-stream	resolute,now	2.0.0+~2.0.3-1
node-console-control-strings	resolute,now	1.1.0-3
node-convert-source-map	resolute,now	2.0.0+~2.0.3-2
node-copy-concurrently	resolute,now	1.0.5-11
node-core-js-compat	resolute,now	3.33.2-1build2
node-core-js-pure	resolute,now	3.33.2-1build2
node-core-js	resolute,now	3.33.2-1build2
node-core-util-is	resolute,now	1.0.3-1
node-corepack	resolute,now	0.24.0-5build1
node-coveralls	resolute,now	3.1.1-4
node-css-loader	resolute,now	6.8.1+~cs14.0.17-2
node-css-selector-tokenizer	resolute,now	0.8.0+~cs4.8.3-1
node-data-uri-to-buffer	resolute,now	6.0.2~0~2025070717+~cs15.2.7-1build1
node-debbundle-es-to-primitive	resolute,now	1.2.1+~cs9.7.25-2
node-debug	resolute,now	4.4.3+~4.1.13-1
node-decamelize	resolute,now	4.0.0-2
node-decompress-response	resolute,now	6.0.0-3
node-deep-equal	resolute,now	2.2.3+~cs43.15.94-1
node-deep-is	resolute,now	0.1.4-1
node-defaults	resolute,now	1.0.4+~1.0.3-1
node-define-properties	resolute,now	1.2.1+~cs2.2.3-1
node-define-property	resolute,now	2.0.2+really+2.0.2-3
node-defined	resolute,now	1.0.1+~1.0.2-1
node-del	resolute,now	7.1.0-2
node-delegates	resolute,now	1.0.0-3
node-depd	resolute,now	2.0.0-2
node-diff	resolute,now	5.0.0~dfsg+~5.0.1-6
node-doctrine	resolute,now	3.0.0-4
node-electron-to-chromium	resolute,now	1.5.322-1
node-encoding	resolute,now	0.1.13-2
node-enhanced-resolve	resolute,now	5.15.0-1
node-envinfo	resolute,now	7.11.0+~cs14.3.0-7build1
node-err-code	resolute,now	2.0.3+dfsg-3
node-errno	resolute,now	1.0.0-3
node-error-ex	resolute,now	1.3.4-1
node-es-abstract	resolute,now	1.20.4+~cs26.27.47-2
node-es-module-lexer	resolute,now	1.1.0+dfsg-3
node-es6-error	resolute,now	4.1.1-5
node-escape-string-regexp	resolute,now	4.0.0-2
node-escodegen	resolute,now	2.1.0+dfsg+~0.0.10-2
node-eslint-scope	resolute,now	7.1.1+~3.7.4-1
node-eslint-utils	resolute,now	3.0.0-4
node-eslint-visitor-keys	resolute,now	3.3.0+~1.0.0-2
node-espree	resolute,now	9.4.1~dfsg-2
node-esprima	resolute,now	4.0.1+ds+~4.0.3-2
node-esquery	resolute,now	1.4.2~ds-2
node-esrecurse	resolute,now	4.3.0-2
node-estraverse	resolute,now	5.3.0+ds+~5.1.1-1
node-esutils	resolute,now	2.0.3+~2.0.2-2
node-events	resolute,now	3.3.0+~3.0.3-1
node-execa	resolute,now	8.0.1+dfsg1+~cs12.0.0-1build2
node-fancy-log	resolute,now	1.3.3+~cs1.3.1-2
node-fast-deep-equal	resolute,now	3.1.3-3
node-fast-levenshtein	resolute,now	2.0.6+ds-3
node-fetch	resolute,now	3.3.2+~cs11.4.11-3
node-file-entry-cache	resolute,now	6.0.1+~3.0.4+~2.0.0+~1.0.0+~2.0.1-5
node-fill-range	resolute,now	7.1.1+~7.0.3-1
node-find-cache-dir	resolute,now	3.3.2+~3.2.1-1
node-find-up	resolute,now	6.3.0-8
node-flat-cache	resolute,now	3.0.4~6.0.1+~3.0.4+~2.0.0+~1.0.0+~2.0.1-5
node-flatted	resolute,now	3.4.2~ds-1
node-for-in	resolute,now	1.0.2-4
node-for-own	resolute,now	1.0.0-3
node-foreground-child	resolute,now	4.0.3-1
node-fs-readdir-recursive	resolute,now	1.1.0+~1.1.3-1
node-fs-write-stream-atomic	resolute,now	1.0.10-6
node-function-bind	resolute,now	1.1.2+~cs2.1.14-2
node-functional-red-black-tree	resolute,now	1.0.1+20181105-8
node-gauge	resolute,now	4.0.4-2
node-get-caller-file	resolute,now	2.0.5+~cs1.1.1-4
node-get-stream	resolute,now	8.0.1-11
node-get-value	resolute,now	1:3.0.1-4
node-glob-parent	resolute,now	6.0.2+~5.1.3-1
node-glob	resolute,now	10.3.6+~cs0.4.15-8build1
node-globals	resolute,now	13.23.0-1
node-globby	resolute,now	13.1.3+~cs16.25.40-4
node-got	resolute,now	11.8.5+~cs58.13.36-6
node-graceful-fs	resolute,now	4.2.11-1
node-growl	resolute,now	1.10.5-4
node-gyp	resolute,now	12.1.0+~6.1.0-3
node-has-flag	resolute,now	5.0.1-1
node-has-unicode	resolute,now	2.0.1-5
node-has-value	resolute,now	2.0.2-4
node-has-values	resolute,now	2.0.1-4
node-hosted-git-info	resolute,now	9.0.2-1build1
node-http-proxy-agent	resolute,now	7.0.2~0~2025070717+~cs15.2.7-1build1
node-https-proxy-agent	resolute,now	7.0.6~0~2025070717+~cs15.2.7-1build1
node-iconv-lite	resolute,now	0.6.3-3
node-icss-utils	resolute,now	5.1.0+~5.1.2-1
node-ieee754	resolute,now	1.2.1-3
node-iferr	resolute,now	1.0.2+~1.0.4-1
node-ignore	resolute,now	5.2.1-1
node-imurmurhash	resolute,now	0.1.4+dfsg+~0.1.1-2
node-indent-string	resolute,now	4.0.0-2
node-inherits	resolute,now	2.0.4-6
node-ini	resolute,now	3.0.1-2
node-interpret	resolute,now	2.2.0-3
node-ip-regex	resolute,now	4.3.0+~4.1.1-1
node-ip	resolute,now	2.0.1+~1.1.3-3
node-is-arrayish	resolute,now	0.3.4-1
node-is-binary-path	resolute,now	2.1.0-5
node-is-buffer	resolute,now	2.0.5-2
node-is-descriptor	resolute,now	3.0.0-2
node-is-extendable	resolute,now	1.0.1-3
node-is-extglob	resolute,now	2.1.1-5
node-is-glob	resolute,now	4.0.3-2
node-is-number	resolute,now	7.0.0-4
node-is-path-cwd	resolute,now	2.2.0-2
node-is-path-inside	resolute,now	3.0.3-2
node-is-plain-obj	resolute,now	3.0.0-2
node-is-plain-object	resolute,now	5.0.0-8
node-is-primitive	resolute,now	3.0.1-3
node-is-stream	resolute,now	3.0.0-5
node-is-windows	resolute,now	1.0.2+~cs1.0.0-1
node-isarray	resolute,now	2.0.5-4
node-isexe	resolute,now	2.0.0+~2.0.1-5
node-isobject	resolute,now	4.0.0-2
node-istanbul	resolute,now	0.4.5+repack10+~cs98.25.59-7
node-jest-debbundle	resolute,now	29.6.2~ds3+~cs73.45.28-3build3
node-jest-worker	resolute,now	29.6.2~ds3+~cs73.45.28-3build3
node-js-tokens	resolute,now	8.0.0-2
node-js-yaml	resolute,now	4.1.1+dfsg+~4.0.9-1
node-jsesc	resolute,now	3.0.2+~3.0.1-1
node-json-buffer	resolute,now	3.0.1+~3.0.2-1
node-json-parse-better-errors	resolute,now	1.0.2+~cs3.3.1-3
node-json-schema-traverse	resolute,now	1.0.0-3
node-json-schema	resolute,now	0.4.0+~7.0.15-1
node-json-stable-stringify	resolute,now	1.0.2+repack1+~cs1.0.34-2
node-json5	resolute,now	2.2.3+dfsg-3
node-jsonify	resolute,now	0.0.1-1
node-jsonparse	resolute,now	1.3.1-10
node-kind-of	resolute,now	6.0.3+dfsg-2
node-lcov-parse	resolute,now	1.0.0+20170612git80d039574ed9-7
node-levn	resolute,now	0.4.1+dfsg-2
node-llhttp	resolute,now	9.3.3~really9.3.0+~cs12.11.8-3build1
node-loader-runner	resolute,now	4.3.1-1
node-locate-path	resolute,now	7.1.1-2
node-lodash-packages	resolute,now	4.17.23+dfsg-1
node-lodash	resolute,now	4.17.23+dfsg-1
node-log-driver	resolute,now	1.2.7+git+20180219+bba1761737-8
node-long	resolute,now	5.2.3-3
node-lowercase-keys	resolute,now	2.0.0-2
node-lru-cache	resolute,now	10.0.1-3
node-make-dir	resolute,now	3.1.0-3
node-map-visit	resolute,now	1.0.0-4
node-memfs	resolute,now	3.4.12+~cs1.0.3-1
node-memory-fs	resolute,now	0.5.0+~0.3.3-2
node-merge-stream	resolute,now	2.0.0+~1.1.2-2
node-micromatch	resolute,now	4.0.8+~4.0.10-2
node-mime-types	resolute,now	3.0.2+~3.0.1-1
node-mime	resolute,now	4.1.0+dfsg+~cs8.97.10-6build5
node-mimic-fn	resolute,now	4.0.0-6
node-mimic-response	resolute,now	3.1.0-9
node-minimatch	resolute,now	9.0.3-6
node-minimist	resolute,now	1.2.8+~cs5.3.5-1
node-minipass	resolute,now	5.0.0+~cs13.3.24-1build1
node-mixin-deep	resolute,now	2.0.1-3
node-mkdirp	resolute,now	2.1.6+~cs5.2.1-5
node-move-concurrently	resolute,now	1.0.1-7
node-ms	resolute,now	2.1.3+~cs0.7.31-3
node-mute-stream	resolute,now	0.0.8+~0.0.1-3
node-n3	resolute,now	1.16.3+~1.2.3+~1.10.4-3
node-negotiator	resolute,now	0.6.3+~0.6.1-1
node-neo-async	resolute,now	2.6.2+~cs3.0.0-3
node-nopt	resolute,now	9.0.0-1build1
node-normalize-package-data	resolute,now	8.0.0+~2.4.4-3build1
node-normalize-path	resolute,now	3.0.0+~3.0.2-1
node-npm-bundled	resolute,now	2.0.1-2
node-npm-package-arg	resolute,now	10.0.0+~3.0.0-2
node-npm-run-path	resolute,now	5.1.0+~4.0.0-9
node-npmlog	resolute,now	7.0.1+~4.1.4-1
node-object-assign	resolute,now	4.1.1-7
node-object-inspect	resolute,now	1.12.2+~cs1.8.1-1
node-object-visit	resolute,now	1.0.1-5
node-once	resolute,now	1.4.1-1
node-opener	resolute,now	1.5.2+~1.4.3-1
node-optimist	resolute,now	0.6.1+~0.0.30-2
node-optionator	resolute,now	0.9.1+dfsg+~cs1.2.3-1
node-osenv	resolute,now	0.1.5+~0.1.3-1
node-p-cancelable	resolute,now	2.1.1-1
node-p-limit	resolute,now	4.0.0+~cs4.0.0-5
node-p-locate	resolute,now	6.0.0-14
node-p-map	resolute,now	4.0.0+~3.1.0+~3.0.1-2
node-parse-json	resolute,now	5.2.0+~cs5.1.7-2
node-pascalcase	resolute,now	1.0.0-1
node-path-dirname	resolute,now	1.0.2-2
node-path-exists	resolute,now	5.0.0-9
node-path-is-absolute	resolute,now	2.0.0-2
node-path-is-inside	resolute,now	1.0.2+~1.0.3-1
node-path-scurry	resolute,now	1.9.2-2
node-path-type	resolute,now	4.0.0-3
node-picocolors	resolute,now	1.1.1-1
node-pify	resolute,now	5.0.0+~cs5.0.1-1
node-pkg-dir	resolute,now	5.0.0-2
node-postcss-modules-extract-imports	resolute,now	3.1.0-1
node-postcss-modules-values	resolute,now	4.0.0+~4.0.2-1
node-postcss-value-parser	resolute,now	4.2.0-1
node-postcss	resolute,now	8.5.8+~cs9.3.30-1
node-prelude-ls	resolute,now	1.2.1+dfsg-3
node-process-nextick-args	resolute,now	2.0.1-3
node-progress	resolute,now	2.0.3-2
node-promise-inflight	resolute,now	1.0.1+~1.0.3-1
node-promise-retry	resolute,now	2.0.1-4
node-promzard	resolute,now	0.3.0-2
node-prr	resolute,now	1.0.1-3
node-punycode	resolute,now	2.3.1+~2.1.4-1
node-quick-lru	resolute,now	6.1.1-4
node-randombytes	resolute,now	2.1.0+~2.0.3-1
node-re2	resolute,now	1.23.3+~cs1.3.5-1
node-read-package-json	resolute,now	5.0.2+~2.0.0-5build1
node-read-pkg	resolute,now	5.2.0-2
node-read	resolute,now	1.0.7-5
node-readable-stream	resolute,now	3.6.0+~cs3.0.0-4build1
node-readdirp	resolute,now	3.6.0-3
node-rechoir	resolute,now	0.8.0+~0.6.4-1
node-regenerate-unicode-properties	resolute,now	10.2.2+ds-2
node-regenerate	resolute,now	1.4.2-3
node-regenerator-runtime	resolute,now	0.15.2+~0.10.8-1
node-regenerator-transform	resolute,now	0.15.2+~0.10.8-1
node-regexpp	resolute,now	3.2.0-7
node-regexpu-core	resolute,now	6.2.0-2build1
node-regjsgen	resolute,now	0.8.0+ds-1
node-regjsparser	resolute,now	0.12.0+ds-2
node-repeat-string	resolute,now	1.6.1+repack-1
node-require-directory	resolute,now	2.1.1+~2.1.7-1
node-require-from-string	resolute,now	2.0.2+~1.2.3-1
node-resolve-cwd	resolute,now	3.0.0-2
node-resolve-from	resolute,now	5.0.0+~3.1.0+~3.3.0+~2.0.0-1
node-resolve	resolute,now	1.22.10+~cs5.37.15-1
node-restore-cursor	resolute,now	4.0.0-4
node-resumer	resolute,now	0.0.0-6
node-retry	resolute,now	0.13.1.+~cs2.19.16-1
node-rimraf	resolute,now	4.4.1-6
node-run-queue	resolute,now	2.0.0-3
node-safe-buffer	resolute,now	5.2.1+~cs2.1.2-3
node-schema-utils	resolute,now	4.2.0~ds-4
node-semver	resolute,now	7.6.1+~7.5.8-2
node-serialize-javascript	resolute,now	7.0.4+~5.0.4-1
node-set-blocking	resolute,now	2.0.0-2
node-set-immediate-shim	resolute,now	2.0.0-2
node-set-value	resolute,now	4.1.0+~4.0.3-1
node-shebang-command	resolute,now	2.0.0-1
node-shebang-regex	resolute,now	3.0.0-2
node-shell-quote	resolute,now	1.8.3+~1.7.5-1
node-signal-exit	resolute,now	4.1.0-8
node-slash	resolute,now	5.1.0-2build1
node-slice-ansi	resolute,now	5.0.0+~cs9.0.0-5
node-source-list-map	resolute,now	2.0.1+dfsg+~0.1.2-1
node-source-map-support	resolute,now	0.5.21+ds+~0.5.10-2
node-source-map	resolute,now	0.7.0++dfsg2+really.0.6.1-15
node-spdx-correct	resolute,now	3.2.0+~3.1.3-1
node-spdx-exceptions	resolute,now	2.5.0-1
node-spdx-expression-parse	resolute,now	4.0.0+~3.0.5-1
node-spdx-license-ids	resolute,now	3.26.0-1
node-sprintf-js	resolute,now	1.1.3+ds1+~1.1.4-2
node-ssri	resolute,now	9.0.1-3
node-stack-utils	resolute,now	2.0.6+~2.0.3-1
node-string-decoder	resolute,now	1.3.0-6
node-string-width	resolute,now	4.2.3+~cs13.2.3-1
node-strip-ansi	resolute,now	7.2.0-1
node-strip-bom	resolute,now	4.0.0-2
node-strip-eof	resolute,now	3.0.0-6
node-strip-json-comments	resolute,now	4.0.0-4
node-supports-color	resolute,now	10.2.2+ds-3
node-tap-mocha-reporter	resolute,now	5.0.4+~2.1.0-1
node-tap-parser	resolute,now	13.0.1+~cs4.1.3-4
node-tap	resolute,now	16.3.7+ds3+~cs49.5.20-6
node-tapable	resolute,now	2.2.1-3
node-tape	resolute,now	5.6.1+~cs8.20.19-5
node-tar	resolute,now	6.2.1+ds1+~cs6.1.13-10
node-terser	resolute,now	5.46.1-4
node-text-table	resolute,now	0.2.0-5
node-through	resolute,now	2.3.8+~cs0.0.33-1
node-time-stamp	resolute,now	2.2.0-2
node-to-fast-properties	resolute,now	3.0.1-3
node-to-regex-range	resolute,now	5.0.1-4
node-tslib	resolute,now	2.4.1-1
node-type-check	resolute,now	0.4.0+dfsg-3
node-typedarray	resolute,now	0.0.7-1
node-undici	resolute,now	7.18.2+dfsg+~cs3.2.0-1build1
node-unicode-canonical-property-names-ecmascript	resolute,now	2.0.1-1
node-unicode-match-property-ecmascript	resolute,now	2.0.0-2
node-unicode-match-property-value-ecmascript	resolute,now	2.2.0+ds-1build1
node-unicode-property-aliases-ecmascript	resolute,now	2.1.0+ds-1
node-union-value	resolute,now	2.0.1-4
node-unique-filename	resolute,now	1.1.1+ds-2
node-unset-value	resolute,now	2.0.1-1
node-util-deprecate	resolute,now	1.0.2-4
node-util	resolute,now	0.12.5+~1.0.10-2
node-uuid	resolute,now	8.3.2+~8.3.4-3
node-v8-compile-cache	resolute,now	2.4.0-4
node-v8flags	resolute,now	3.2.0+~3.1.1-1
node-validate-npm-package-license	resolute,now	3.0.4-3
node-validate-npm-package-name	resolute,now	5.0.0+~4.0.0-1
node-watchpack	resolute,now	2.4.0+~cs2.8.1-1
node-wcwidth.js	resolute,now	1.0.2-2
node-webassemblyjs	resolute,now	1.14.1+dfsg3+~cs1.2.7-2
node-webpack-sources	resolute,now	3.2.3+~3.2.0-2
node-which	resolute,now	2.0.2+~cs1.3.2-5
node-wide-align	resolute,now	1.1.3-4
node-widest-line	resolute,now	3.1.0-2
node-wordwrap	resolute,now	1.0.0-4
node-wrap-ansi	resolute,now	8.0.1+~8.0.1-3
node-wrappy	resolute,now	1.0.2-3
node-write-file-atomic	resolute,now	7.0.1+~4.0.3-1
node-write	resolute,now	2.0.0~6.0.1+~3.0.4+~2.0.0+~1.0.0+~2.0.1-5
node-ws	resolute,now	8.19.0+~cs14.19.1-1
node-xtend	resolute,now	4.0.2-3
node-y18n	resolute,now	5.0.8+~5.0.0-4
node-yallist	resolute,now	4.0.0+~4.0.1-2
node-yaml	resolute,now	2.8.3+~cs0.4.0-1
node-yargs-parser	resolute,now	21.1.1+~21.0.0-4
node-yargs	resolute,now	16.2.0+~16.0.4-7
nodejs-doc	resolute,now	22.22.1+dfsg+~cs22.19.15-1ubuntu1
nodejs	resolute,now	22.22.1+dfsg+~cs22.19.15-1ubuntu1
npm	resolute,now	9.2.0~ds3-1
openssh-client	resolute-updates,resolute-security,now	1:10.2p1-2ubuntu3.2
openssl-provider-legacy	resolute,now	3.5.5-1ubuntu3
openssl	resolute,now	3.5.5-1ubuntu3
packagekit	resolute-updates,resolute-security,now	1.3.4-3ubuntu1
passwd	resolute,now	1:4.17.4-2ubuntu3
pastebinit	resolute,now	1.8.0-1
patch	resolute,now	2.8-2build1
pci.ids	resolute,now	0.0~2026.02.12-1
perl-base	resolute,now	5.40.1-7build1
perl-modules-5.40	resolute,now	5.40.1-7build1
perl-openssl-defaults	resolute,now	7build4
perl	resolute,now	5.40.1-7build1
pinentry-curses	resolute,now	1.3.2-3ubuntu1
polkitd	resolute,now	127-2ubuntu1
procps	resolute,now	2:4.0.4-9ubuntu1
psmisc	resolute,now	23.7-2ubuntu2
publicsuffix	resolute,now	20260129.1928-1
python-apt-common	resolute,now	3.1.0ubuntu1
python-babel-localedata	resolute,now	2.17.0-2
python3-apport	resolute,now	2.34.0-0ubuntu2
python3-apt	resolute,now	3.1.0ubuntu1
python3-attr	resolute,now	25.4.0-1build1
python3-autocommand	resolute,now	2.2.2-4
python3-automat	resolute,now	25.4.16-1build1
python3-babel	resolute,now	2.17.0-2
python3-bcrypt	resolute,now	5.0.0-3build1
python3-blinker	resolute,now	1.9.0-2build1
python3-certifi	resolute,now	2026.1.4+ds-1
python3-cffi-backend	resolute,now	2.0.0-3build1
python3-chardet	resolute,now	5.2.0+dfsg-2build1
python3-click	resolute,now	8.2.0+0.really.8.1.8-1build1
python3-commandnotfound	resolute,now	23.04.0build1
python3-configobj	resolute,now	5.0.9-1build1
python3-constantly	resolute,now	23.10.4-2build1
python3-cryptography	resolute,now	46.0.5-1ubuntu2
python3-dbus	resolute,now	1.4.0-1build2
python3-debconf	resolute,now	1.5.92
python3-dev	resolute,now	3.14.3-0ubuntu2
python3-distro-info	resolute,now	1.15
python3-distro	resolute,now	1.9.0-1build1
python3-distupgrade	resolute,now	1:26.04.18
python3-doc	resolute,now	3.14.3-0ubuntu2
python3-examples	resolute,now	3.14.3-0ubuntu2
python3-full	resolute,now	3.14.3-0ubuntu2
python3-gdbm	resolute,now	3.14.3-0ubuntu2
python3-gi	resolute,now	3.56.2-1
python3-hamcrest	resolute,now	2.1.0-3
python3-httplib2	resolute,now	0.22.0-1build1
python3-hyperlink	resolute,now	21.0.0-6build1
python3-idna	resolute,now	3.11-1
python3-incremental	resolute,now	24.7.2-4
python3-inflect	resolute,now	7.5.0-1build1
python3-jaraco.context	resolute,now	6.0.1-2
python3-jaraco.functools	resolute,now	4.1.0-1build1
python3-jaraco.text	resolute,now	4.0.0-1build1
python3-jinja2	resolute,now	3.1.6-1build1
python3-json-pointer	resolute,now	2.4-4
python3-jsonpatch	resolute,now	1.32-6
python3-jsonschema-specifications	resolute,now	2023.12.1-4
python3-jsonschema	resolute,now	4.19.2-6ubuntu2
python3-jwt	resolute,now	2.10.1-4ubuntu1
python3-launchpadlib	resolute,now	2.1.0-1build1
python3-lazr.restfulclient	resolute,now	0.14.6-3build1
python3-lazr.uri	resolute,now	1.0.6-7build1
python3-linkify-it	resolute,now	2.0.3-1ubuntu3
python3-markdown-it	resolute,now	3.0.0-3build1
python3-markupsafe	resolute,now	3.0.3-1build1
python3-mdurl	resolute,now	0.1.2-1build1
python3-minimal	resolute,now	3.14.3-0ubuntu2
python3-more-itertools	resolute,now	10.8.0-1build1
python3-netifaces	resolute,now	0.11.0-2build7
python3-netplan	resolute,now	1.2-1ubuntu5
python3-newt	resolute,now	0.52.25-1ubuntu3
python3-oauthlib	resolute,now	3.3.1-1build1
python3-openssl	resolute,now	25.3.0-1ubuntu1
python3-packaging	resolute,now	26.0-1
python3-passlib	resolute,now	1.9.3-1ubuntu1
python3-pip-whl	resolute,now	25.1.1+dfsg-1ubuntu2
python3-pip	resolute,now	25.1.1+dfsg-1ubuntu2
python3-pkg-resources	resolute,now	78.1.1-0.1build1
python3-problem-report	resolute,now	2.34.0-0ubuntu2
python3-pyasn1-modules	resolute,now	0.4.1-2build1
python3-pyasn1	resolute,now	0.6.3-1
python3-pycurl	resolute,now	7.45.7-3build1
python3-pygments	resolute,now	2.19.2+dfsg-1
python3-pyparsing	resolute,now	3.3.2-2
python3-referencing	resolute,now	0.36.2-1ubuntu2
python3-requests	resolute,now	2.32.5+dfsg-1ubuntu1
python3-rich	resolute,now	13.9.4-1.2
python3-rpds-py	resolute,now	0.27.1-2ubuntu3
python3-serial	resolute,now	3.5-2build1
python3-service-identity	resolute,now	24.2.0-1build1
python3-setuptools-whl	resolute,now	78.1.1-0.1build1
python3-setuptools	resolute,now	78.1.1-0.1build1
python3-software-properties	resolute,now	0.120
python3-systemd	resolute,now	235-1build9
python3-tk	resolute,now	3.14.3-0ubuntu2
python3-twisted	resolute-updates,resolute-security,now	25.5.0-5ubuntu0.1
python3-typeguard	resolute,now	4.4.4-2
python3-typing-extensions	resolute,now	4.15.0-2
python3-uc-micro	resolute,now	1.0.3-1build1
python3-update-manager	resolute,now	1:26.04.5
python3-urllib3	resolute-updates,resolute-security,now	2.6.3-1ubuntu1.1
python3-venv	resolute,now	3.14.3-0ubuntu2
python3-wadllib	resolute,now	2.0.0-3
python3-wheel	resolute,now	0.46.3-2
python3-yaml	resolute,now	6.0.3-1build1
python3-zipp	resolute,now	3.23.0-1build1
python3-zope.interface	resolute,now	8.2-1build1
python3.14-dev	resolute,now	3.14.4-1
python3.14-doc	resolute,now	3.14.4-1
python3.14-examples	resolute,now	3.14.4-1
python3.14-full	resolute,now	3.14.4-1
python3.14-gdbm	resolute,now	3.14.4-1
python3.14-minimal	resolute,now	3.14.4-1
python3.14-tk	resolute,now	3.14.4-1
python3.14-venv	resolute,now	3.14.4-1
python3.14	resolute,now	3.14.4-1
python3	resolute,now	3.14.3-0ubuntu2
readline-common	resolute,now	8.3-4
rpcsvc-proto	resolute,now	1.4.3-1build1
rsync	resolute-updates,resolute-security,now	3.4.1+ds1-7ubuntu0.2
rsyslog	resolute,now	8.2512.0-1ubuntu4
run-one	resolute,now	1.17-0ubuntu3
rust-coreutils	resolute,now	0.8.0-0ubuntu3
screen	resolute,now	4.9.1-3ubuntu2
sed	resolute-updates,resolute-security,now	4.9-2ubuntu1
sensible-utils	resolute,now	0.0.26build1
sgml-base	resolute,now	1.31+nmu1build1
shared-mime-info	resolute,now	2.4-5build3
show-motd	resolute,now	3.12build1
snapd	resolute-updates,now	2.75.2+ubuntu26.04.2
software-properties-common	resolute,now	0.120
squashfs-tools	resolute,now	1:4.7.5-1
sudo-common	resolute,now	1.2ubuntu
sudo-rs	resolute,now	0.2.13-0ubuntu1
sudo	resolute,now	1.9.17p2-1ubuntu3
systemd-cryptsetup	resolute,now	259.5-0ubuntu3
systemd-hwe-hwdb	resolute,now	259.5.3ubuntu
systemd-resolved	resolute,now	259.5-0ubuntu3
systemd-sysv	resolute,now	259.5-0ubuntu3
systemd	resolute,now	259.5-0ubuntu3
sysvinit-utils	resolute,now	3.15-5ubuntu1
tar	resolute,now	1.35+dfsg-4
terser	resolute,now	5.46.1-4
time	resolute,now	1.9-0.4
tmux	resolute,now	3.6a-2
tzdata	resolute,now	2026a-3ubuntu1
ubuntu-insights	resolute,now	0.9.3ubuntu
ubuntu-keyring	resolute,now	2023.11.28.1build1
ubuntu-minimal	resolute,now	1.570
ubuntu-pro-client-l10n	resolute,now	37.2ubuntu
ubuntu-pro-client	resolute,now	37.2ubuntu
ubuntu-release-upgrader-core	resolute,now	1:26.04.18
ubuntu-wsl	resolute,now	1.570
ucf	resolute,now	3.0052ubuntu1
udev	resolute,now	259.5-0ubuntu3
unattended-upgrades	resolute,now	2.12ubuntu9
update-manager-core	resolute,now	1:26.04.5
update-motd	resolute,now	3.12build1
usb.ids	resolute,now	2025.12.13-1
user-session-migration	resolute,now	0.5.1
util-linux	resolute,now	2.41.3-3ubuntu2
vim-common	resolute-updates,resolute-security,now	2:9.1.2141-1ubuntu4.2
vim-runtime	resolute-updates,resolute-security,now	2:9.1.2141-1ubuntu4.2
vim-tiny	resolute-updates,resolute-security,now	2:9.1.2141-1ubuntu4.2
vim	resolute-updates,resolute-security,now	2:9.1.2141-1ubuntu4.2
wabt	resolute,now	1.0.36+dfsg+~cs1.0.36-2ubuntu1
webpack	resolute,now	5.105.4+dfsg1+~cs15.13.23-2
wget	resolute,now	1.25.0-2ubuntu4
whiptail	resolute,now	0.52.25-1ubuntu3
wsl-pro-service	resolute,now	0.1.19ubuntu2
wsl-setup	resolute,now	0.6.2ubuntu
x11-common	resolute,now	1:7.7+26ubuntu1
x11-utils	resolute,now	7.7+7build1
x11-xserver-utils	resolute,now	7.7+11build1
xauth	resolute,now	1:1.1.2-1.1build1
xdg-user-dirs	resolute,now	0.19-1
xdg-utils	resolute,now	1.2.1-2ubuntu2
xkb-data	resolute,now	2.46-2
xml-core	resolute,now	0.19build1
xxd	resolute-updates,resolute-security,now	2:9.1.2141-1ubuntu4.2
xz-utils	resolute,now	5.8.3-1
zlib1g-dev	resolute,now	1:1.3.dfsg+really1.3.1-1ubuntu3
zlib1g	resolute,now	1:1.3.dfsg+really1.3.1-1ubuntu3
zstd	resolute,now	1.5.7+dfsg-3
