adduser	3.153ubuntu1	all	install ok installed
adwaita-icon-theme	50.0-1	all	install ok installed
alacritty	0.16.1-2ubuntu1	amd64	install ok installed
apparmor	5.0.0~beta1-0ubuntu7	amd64	install ok installed
apport	2.34.0-0ubuntu2	all	install ok installed
apport-core-dump-handler	2.34.0-0ubuntu2	all	install ok installed
apport-symptoms	0.25build1	all	install ok installed
appstream	1.1.2-1	amd64	install ok installed
apt	3.2.0	amd64	install ok installed
at-spi2-common	2.60.0-1	all	install ok installed
at-spi2-core	2.60.0-1	amd64	install ok installed
base-files	14ubuntu6.1	amd64	install ok installed
base-passwd	3.6.8	amd64	install ok installed
bash	5.3-2ubuntu1	amd64	install ok installed
bash-completion	1:2.16.0-8build1	all	install ok installed
bc	1.07.1-4build1	amd64	install ok installed
binutils	2.46-3ubuntu2	amd64	install ok installed
binutils-common	2.46-3ubuntu2	amd64	install ok installed
binutils-x86-64-linux-gnu	2.46-3ubuntu2	amd64	install ok installed
bsdextrautils	2.41.3-3ubuntu2	amd64	install ok installed
bsdutils	1:2.41.3-3ubuntu2	amd64	install ok installed
bubblewrap	0.11.1-1ubuntu0.1	amd64	install ok installed
build-essential	12.12ubuntu2	amd64	install ok installed
byobu	6.11-0ubuntu3	all	install ok installed
bzip2	1.0.8-6build2	amd64	install ok installed
ca-certificates	20260223	all	install ok installed
chrony	4.8-2ubuntu1	amd64	install ok installed
cloud-guest-utils	0.33-1build1	all	install ok installed
cloud-init	26.1-0ubuntu2	all	install ok installed
cloud-init-base	26.1-0ubuntu2	all	install ok installed
cmake	4.2.3-2ubuntu2	amd64	install ok installed
cmake-data	4.2.3-2ubuntu2	all	install ok installed
command-not-found	23.04.0build1	all	install ok installed
console-setup	1.237ubuntu3	all	install ok installed
console-setup-linux	1.237ubuntu3	all	install ok installed
coreutils	9.5-1ubuntu2+0.0.0~ubuntu25	all	install ok installed
coreutils-from-uutils	0.0.0~ubuntu25	all	install ok installed
cpp	4:15.2.0-5ubuntu1	amd64	install ok installed
cpp-15	15.2.0-16ubuntu1	amd64	install ok installed
cpp-15-x86-64-linux-gnu	15.2.0-16ubuntu1	amd64	install ok installed
cpp-x86-64-linux-gnu	4:15.2.0-5ubuntu1	amd64	install ok installed
cron	3.0pl1-200ubuntu1	amd64	install ok installed
cron-daemon-common	3.0pl1-200ubuntu1	all	install ok installed
curl	8.18.0-1ubuntu2.1	amd64	install ok installed
dash	0.5.12-12ubuntu3	amd64	install ok installed
dbus	1.16.2-2ubuntu4	amd64	install ok installed
dbus-bin	1.16.2-2ubuntu4	amd64	install ok installed
dbus-daemon	1.16.2-2ubuntu4	amd64	install ok installed
dbus-session-bus-common	1.16.2-2ubuntu4	all	install ok installed
dbus-system-bus-common	1.16.2-2ubuntu4	all	install ok installed
dbus-user-session	1.16.2-2ubuntu4	amd64	install ok installed
dbus-x11	1.16.2-2ubuntu4	amd64	install ok installed
dconf-gsettings-backend	0.49.0-4	amd64	install ok installed
dconf-service	0.49.0-4	amd64	install ok installed
debconf	1.5.92	all	install ok installed
debconf-i18n	1.5.92	all	install ok installed
debianutils	5.23.2build1	amd64	install ok installed
dhcpcd-base	1:10.3.0-7	amd64	install ok installed
diffutils	1:3.12-1	amd64	install ok installed
dirmngr	2.4.8-4ubuntu3	amd64	install ok installed
distro-info	1.15	amd64	install ok installed
distro-info-data	0.68ubuntu0.1	all	install ok installed
dmsetup	2:1.02.205-2ubuntu3	amd64	install ok installed
dpkg	1.23.7ubuntu1	amd64	install ok installed
dpkg-dev	1.23.7ubuntu1	all	install ok installed
e2fsprogs	1.47.2-3ubuntu4	amd64	install ok installed
eatmydata	131-2build1	all	install ok installed
ed	1.22.4-1	amd64	install ok installed
eject	2.41.3-3ubuntu2	amd64	install ok installed
eslint	6.4.0~dfsg+~6.1.9-12	all	install ok installed
ethtool	1:6.19-1	amd64	install ok installed
fakeroot	1.37.2-1	amd64	install ok installed
fdisk	2.41.3-3ubuntu2	amd64	install ok installed
file	1:5.46-5build2	amd64	install ok installed
findutils	4.10.0-3build2	amd64	install ok installed
fontconfig	2.17.1-3ubuntu1	amd64	install ok installed
fontconfig-config	2.17.1-3ubuntu1	amd64	install ok installed
fonts-dejavu-core	2.37-8build1	all	install ok installed
fonts-dejavu-mono	2.37-8build1	all	install ok installed
fonts-mathjax	2.7.9+dfsg-1build1	all	install ok installed
fonts-ubuntu	0.869+git20240321-0ubuntu2	all	install ok installed
fuse3	3.18.2-1	amd64	install ok installed
g++	4:15.2.0-5ubuntu1	amd64	install ok installed
g++-15	15.2.0-16ubuntu1	amd64	install ok installed
g++-15-x86-64-linux-gnu	15.2.0-16ubuntu1	amd64	install ok installed
g++-x86-64-linux-gnu	4:15.2.0-5ubuntu1	amd64	install ok installed
gawk	1:5.3.2-1ubuntu1	amd64	install ok installed
gcc	4:15.2.0-5ubuntu1	amd64	install ok installed
gcc-15	15.2.0-16ubuntu1	amd64	install ok installed
gcc-15-base	15.2.0-16ubuntu1	amd64	install ok installed
gcc-15-x86-64-linux-gnu	15.2.0-16ubuntu1	amd64	install ok installed
gcc-16-base	16-20260322-1ubuntu1	amd64	install ok installed
gcc-x86-64-linux-gnu	4:15.2.0-5ubuntu1	amd64	install ok installed
gdisk	1.0.10-2build1	amd64	install ok installed
gettext-base	0.23.2-1	amd64	install ok installed
gh	2.46.0-4	amd64	install ok installed
gir1.2-girepository-3.0	2.88.0-1	amd64	install ok installed
gir1.2-glib-2.0	2.88.0-1	amd64	install ok installed
gir1.2-packagekitglib-1.0	1.3.4-3ubuntu1	amd64	install ok installed
git	1:2.53.0-1ubuntu1	amd64	install ok installed
git-man	1:2.53.0-1ubuntu1	all	install ok installed
glycin-loaders	2.1.1+ds-0ubuntu1	amd64	install ok installed
glycin-thumbnailers	2.1.1+ds-0ubuntu1	amd64	install ok installed
gnu-coreutils	9.7-3ubuntu2	amd64	install ok installed
gnupg	2.4.8-4ubuntu3	all	install ok installed
gnupg-l10n	2.4.8-4ubuntu3	all	install ok installed
gnupg-utils	2.4.8-4ubuntu3	amd64	install ok installed
gpg	2.4.8-4ubuntu3	amd64	install ok installed
gpg-agent	2.4.8-4ubuntu3	amd64	install ok installed
gpg-wks-client	2.4.8-4ubuntu3	amd64	install ok installed
gpgconf	2.4.8-4ubuntu3	amd64	install ok installed
gpgsm	2.4.8-4ubuntu3	amd64	install ok installed
gpgv	2.4.8-4ubuntu3	amd64	install ok installed
grep	3.12-1	amd64	install ok installed
groff-base	1.23.0-10	amd64	install ok installed
gsettings-desktop-schemas	50.0-1ubuntu2	all	install ok installed
gtk-update-icon-cache	4.22.2+ds-1ubuntu1	amd64	install ok installed
gyp	0.16.2-2build1	all	install ok installed
gzip	1.14-1~exp2ubuntu1	amd64	install ok installed
handlebars	3:4.7.7+~4.1.0-1	all	install ok installed
hcloud-cli	1.39.0-3	amd64	install ok installed
hicolor-icon-theme	0.18-2build1	all	install ok installed
hostname	3.25build1	amd64	install ok installed
ibus-gtk3	1.5.34~rc2-1	amd64	install ok installed
idle	3.14.3-0ubuntu2	all	install ok installed
idle-python3.14	3.14.4-1	all	install ok installed
info	7.2-5ubuntu2	amd64	install ok installed
init	1.69	amd64	install ok installed
init-system-helpers	1.69	all	install ok installed
install-info	7.2-5ubuntu2	amd64	install ok installed
iproute2	6.19.0-1ubuntu1	amd64	install ok installed
iputils-ping	3:20250605-1ubuntu1	amd64	install ok installed
iso-codes	4.20.1-1	all	install ok installed
javascript-common	12+nmu1build1	all	install ok installed
kbd	2.7.1-2ubuntu2	amd64	install ok installed
keyboard-configuration	1.237ubuntu3	all	install ok installed
kmod	34.2-2ubuntu2	amd64	install ok installed
krb5-locales	1.22.1-2ubuntu4	all	install ok installed
landscape-client	26.02.2-0ubuntu1	amd64	install ok installed
landscape-common	26.02.2-0ubuntu1	amd64	install ok installed
less	668-1build1	amd64	install ok installed
libabsl20260107	20260107.0-4	amd64	install ok installed
libacl1	2.3.2-2	amd64	install ok installed
libada-url0-3	3.4.3-1	amd64	install ok installed
libalgorithm-diff-perl	1.201-1	all	install ok installed
libalgorithm-diff-xs-perl	0.04-9	amd64	install ok installed
libalgorithm-merge-perl	0.08-5	all	install ok installed
libaom3	3.13.1-2	amd64	install ok installed
libapparmor1	5.0.0~beta1-0ubuntu7	amd64	install ok installed
libappstream5	1.1.2-1	amd64	install ok installed
libapt-pkg7.0	3.2.0	amd64	install ok installed
libarchive13t64	3.8.5-1ubuntu2.1	amd64	install ok installed
libasan8	16-20260322-1ubuntu1	amd64	install ok installed
libassuan9	3.0.2-2build1	amd64	install ok installed
libatk-bridge2.0-0t64	2.60.0-1	amd64	install ok installed
libatk1.0-0t64	2.60.0-1	amd64	install ok installed
libatomic1	16-20260322-1ubuntu1	amd64	install ok installed
libatspi2.0-0t64	2.60.0-1	amd64	install ok installed
libattr1	1:2.5.2-4	amd64	install ok installed
libaudit-common	1:4.1.2-1build1	all	install ok installed
libaudit1	1:4.1.2-1build1	amd64	install ok installed
libauthen-sasl-perl	2.2000-1	all	install ok installed
libavahi-client3	0.8-18ubuntu1.1	amd64	install ok installed
libavahi-common-data	0.8-18ubuntu1.1	amd64	install ok installed
libavahi-common3	0.8-18ubuntu1.1	amd64	install ok installed
libbinutils	2.46-3ubuntu2	amd64	install ok installed
libblkid1	2.41.3-3ubuntu2	amd64	install ok installed
libbpf1	1:1.6.3-1ubuntu1	amd64	install ok installed
libbrotli1	1.2.0-3build1	amd64	install ok installed
libbsd0	0.12.2-2build2	amd64	install ok installed
libbz2-1.0	1.0.8-6build2	amd64	install ok installed
libc-bin	2.43-2ubuntu2	amd64	install ok installed
libc-dev-bin	2.43-2ubuntu2	amd64	install ok installed
libc-gconv-modules-extra	2.43-2ubuntu2	amd64	install ok installed
libc6	2.43-2ubuntu2	amd64	install ok installed
libc6-dev	2.43-2ubuntu2	amd64	install ok installed
libcairo-gobject2	1.18.4-3	amd64	install ok installed
libcairo2	1.18.4-3	amd64	install ok installed
libcap-ng0	0.8.5-4build5	amd64	install ok installed
libcap2	1:2.75-10ubuntu2	amd64	install ok installed
libcap2-bin	1:2.75-10ubuntu2	amd64	install ok installed
libcares2	1.34.6-1	amd64	install ok installed
libcbor0.10	0.10.2-2ubuntu3	amd64	install ok installed
libcc1-0	16-20260322-1ubuntu1	amd64	install ok installed
libclone-perl	0.47-1	amd64	install ok installed
libcolord2	1.4.8-3	amd64	install ok installed
libcom-err2	1.47.2-3ubuntu4	amd64	install ok installed
libcrypt-urandom-perl	0.55-1	amd64	install ok installed
libcrypt1	1:4.5.1-1	amd64	install ok installed
libcryptsetup12	2:2.8.4-1ubuntu4	amd64	install ok installed
libctf-nobfd0	2.46-3ubuntu2	amd64	install ok installed
libctf0	2.46-3ubuntu2	amd64	install ok installed
libcups2t64	2.4.16-1ubuntu1	amd64	install ok installed
libcurl3t64-gnutls	8.18.0-1ubuntu2.1	amd64	install ok installed
libcurl4t64	8.18.0-1ubuntu2.1	amd64	install ok installed
libdata-dump-perl	1.25-1	all	install ok installed
libdatrie1	0.2.14-1	amd64	install ok installed
libdb5.3t64	5.3.28+dfsg2-10ubuntu1	amd64	install ok installed
libdbus-1-3	1.16.2-2ubuntu4	amd64	install ok installed
libdconf1	0.49.0-4	amd64	install ok installed
libdebconfclient0	0.280ubuntu1	amd64	install ok installed
libdevmapper1.02.1	2:1.02.205-2ubuntu3	amd64	install ok installed
libdisplay-info3	0.3.0-1	amd64	install ok installed
libdpkg-perl	1.23.7ubuntu1	all	install ok installed
libdrm-amdgpu1	2.4.131-1	amd64	install ok installed
libdrm-common	2.4.131-1	all	install ok installed
libdrm-intel1	2.4.131-1	amd64	install ok installed
libdrm2	2.4.131-1	amd64	install ok installed
libduktape207	2.7.0+tests-0ubuntu4	amd64	install ok installed
libeatmydata1	131-2build1	amd64	install ok installed
libedit2	3.1-20251016-1	amd64	install ok installed
libegl-mesa0	26.0.3-1ubuntu1	amd64	install ok installed
libegl1	1.7.0-3	amd64	install ok installed
libelf1t64	0.194-4	amd64	install ok installed
libencode-locale-perl	1.05-3	all	install ok installed
libepoxy0	1.5.10-2build1	amd64	install ok installed
liberror-perl	0.17030-1	all	install ok installed
libestr0	0.1.11-2build1	amd64	install ok installed
libevent-core-2.1-7t64	2.1.12-stable-10build2	amd64	install ok installed
libexpat1	2.7.4-1	amd64	install ok installed
libexpat1-dev	2.7.4-1	amd64	install ok installed
libext2fs2t64	1.47.2-3ubuntu4	amd64	install ok installed
libfakeroot	1.37.2-1	amd64	install ok installed
libfastjson4	1.2304.0-2build1	amd64	install ok installed
libfdisk1	2.41.3-3ubuntu2	amd64	install ok installed
libffi8	3.5.2-4	amd64	install ok installed
libfido2-1	1.16.0-2build1	amd64	install ok installed
libfile-basedir-perl	0.09-2	all	install ok installed
libfile-desktopentry-perl	0.23-1	all	install ok installed
libfile-fcntllock-perl	0.22-4ubuntu6	amd64	install ok installed
libfile-listing-perl	6.16-1	all	install ok installed
libfile-mimeinfo-perl	0.36-2	all	install ok installed
libfont-afm-perl	1.20-4	all	install ok installed
libfontconfig1	2.17.1-3ubuntu1	amd64	install ok installed
libfreetype6	2.14.2+dfsg-1	amd64	install ok installed
libfribidi0	1.0.16-5	amd64	install ok installed
libfuse3-4	3.18.2-1	amd64	install ok installed
libfyaml0	0.9.4-1	amd64	install ok installed
libgbm1	26.0.3-1ubuntu1	amd64	install ok installed
libgcc-15-dev	15.2.0-16ubuntu1	amd64	install ok installed
libgcc-s1	16-20260322-1ubuntu1	amd64	install ok installed
libgcrypt20	1.12.0-2ubuntu0.1	amd64	install ok installed
libgdbm-compat4t64	1.26-1build1	amd64	install ok installed
libgdbm6t64	1.26-1build1	amd64	install ok installed
libgdk-pixbuf-2.0-0	2.44.5+dfsg-4ubuntu1	amd64	install ok installed
libgdk-pixbuf2.0-common	2.44.5+dfsg-4ubuntu1	all	install ok installed
libgirepository-2.0-0	2.88.0-1	amd64	install ok installed
libgl1	1.7.0-3	amd64	install ok installed
libgl1-mesa-dri	26.0.3-1ubuntu1	amd64	install ok installed
libglib2.0-0t64	2.88.0-1	amd64	install ok installed
libglib2.0-bin	2.88.0-1	amd64	install ok installed
libglib2.0-data	2.88.0-1	all	install ok installed
libglvnd0	1.7.0-3	amd64	install ok installed
libglx-mesa0	26.0.3-1ubuntu1	amd64	install ok installed
libglx0	1.7.0-3	amd64	install ok installed
libglycin-2-0	2.1.1+ds-0ubuntu1	amd64	install ok installed
libgmp10	2:6.3.0+dfsg-5ubuntu2	amd64	install ok installed
libgnutls30t64	3.8.12-2ubuntu1.1	amd64	install ok installed
libgomp1	16-20260322-1ubuntu1	amd64	install ok installed
libgpg-error-l10n	1.58-2	all	install ok installed
libgpg-error0	1.58-2	amd64	install ok installed
libgpm2	1.20.7-12build1	amd64	install ok installed
libgprofng0	2.46-3ubuntu2	amd64	install ok installed
libgraphite2-3	1.3.14-11ubuntu1	amd64	install ok installed
libgssapi-krb5-2	1.22.1-2ubuntu4	amd64	install ok installed
libgstreamer1.0-0	1.28.2-1	amd64	install ok installed
libgtk-3-0t64	3.24.52-0ubuntu1	amd64	install ok installed
libgtk-3-bin	3.24.52-0ubuntu1	amd64	install ok installed
libgtk-3-common	3.24.52-0ubuntu1	all	install ok installed
libharfbuzz0b	12.3.2-2	amd64	install ok installed
libheif-plugin-aomdec	1.21.2-3	amd64	install ok installed
libheif-plugin-aomenc	1.21.2-3	amd64	install ok installed
libheif1	1.21.2-3	amd64	install ok installed
libhogweed6t64	3.10.2-1	amd64	install ok installed
libhtml-form-perl	6.13-1build1	all	install ok installed
libhtml-format-perl	2.16-2	all	install ok installed
libhtml-parser-perl	3.83-1build1	amd64	install ok installed
libhtml-tagset-perl	3.24-1	all	install ok installed
libhtml-tree-perl	5.07-3	all	install ok installed
libhttp-cookies-perl	6.11-1	all	install ok installed
libhttp-daemon-perl	6.16-1	all	install ok installed
libhttp-date-perl	6.06-1	all	install ok installed
libhttp-message-perl	7.01-1ubuntu1	all	install ok installed
libhttp-negotiate-perl	6.01-2	all	install ok installed
libhwasan0	16-20260322-1ubuntu1	amd64	install ok installed
libhwy1t64	1.3.0-2	amd64	install ok installed
libibus-1.0-5	1.5.34~rc2-1	amd64	install ok installed
libice6	2:1.1.1-1build1	amd64	install ok installed
libicu78	78.2-2ubuntu1	amd64	install ok installed
libidn2-0	2.3.8-4build1	amd64	install ok installed
libio-html-perl	1.004-3	all	install ok installed
libio-socket-ssl-perl	2.098-1	all	install ok installed
libio-stringy-perl	2.113-2	all	install ok installed
libipc-system-simple-perl	1.30-2	all	install ok installed
libisl23	0.27-1build1	amd64	install ok installed
libitm1	16-20260322-1ubuntu1	amd64	install ok installed
libjansson4	2.14-2build4	amd64	install ok installed
libjemalloc2	5.3.0-4	amd64	install ok installed
libjs-events	3.3.0+~3.0.3-1	all	install ok installed
libjs-inherits	2.0.4-6	all	install ok installed
libjs-jquery	3.7.1+dfsg+~3.5.33-1build1	all	install ok installed
libjs-mathjax	2.7.9+dfsg-1build1	all	install ok installed
libjs-prettify	2015.12.04+dfsg-3	all	install ok installed
libjs-regenerate	1.4.2-3	all	install ok installed
libjs-source-map	0.7.0++dfsg2+really.0.6.1-15	all	install ok installed
libjs-sphinxdoc	8.2.3-12	all	install ok installed
libjs-sprintf-js	1.1.3+ds1+~1.1.4-2	all	install ok installed
libjs-underscore	1.13.8~dfsg+~1.13.0-1	all	install ok installed
libjs-util	0.12.5+~1.0.10-2	all	install ok installed
libjson-c5	0.18+ds-3	amd64	install ok installed
libjsoncpp26	1.9.6-5	amd64	install ok installed
libjxl0.11	0.11.1-6ubuntu4	amd64	install ok installed
libk5crypto3	1.22.1-2ubuntu4	amd64	install ok installed
libkeyutils1	1.6.3-6ubuntu3	amd64	install ok installed
libkmod2	34.2-2ubuntu2	amd64	install ok installed
libkrb5-3	1.22.1-2ubuntu4	amd64	install ok installed
libkrb5support0	1.22.1-2ubuntu4	amd64	install ok installed
libksba8	1.6.7-2build1	amd64	install ok installed
liblcms2-2	2.17-1ubuntu0.2	amd64	install ok installed
libldap-common	2.6.10+dfsg-1ubuntu5	all	install ok installed
libldap2	2.6.10+dfsg-1ubuntu5	amd64	install ok installed
libllhttp9.3	9.3.3~really9.3.0+~cs12.11.8-3build1	amd64	install ok installed
libllvm21	1:21.1.8-6ubuntu1	amd64	install ok installed
liblocale-gettext-perl	1.07-8	amd64	install ok installed
liblsan0	16-20260322-1ubuntu1	amd64	install ok installed
liblsof0	4.99.4+dfsg-2build2	amd64	install ok installed
liblwp-mediatypes-perl	6.04-2	all	install ok installed
liblwp-protocol-https-perl	6.14-1	all	install ok installed
liblz4-1	1.10.0-8	amd64	install ok installed
liblzma5	5.8.3-1	amd64	install ok installed
liblzo2-2	2.10-3build2	amd64	install ok installed
libmagic-mgc	1:5.46-5build2	amd64	install ok installed
libmagic1t64	1:5.46-5build2	amd64	install ok installed
libmailtools-perl	2.22-1	all	install ok installed
libmd0	1.1.0-2build4	amd64	install ok installed
libmnl0	1.0.5-3build1	amd64	install ok installed
libmount1	2.41.3-3ubuntu2	amd64	install ok installed
libmpc3	1.3.1-3	amd64	install ok installed
libmpfr6	4.2.2-3	amd64	install ok installed
libncursesw6	6.6+20251231-1	amd64	install ok installed
libnet-dbus-perl	1.2.0-2build4	amd64	install ok installed
libnet-http-perl	6.24-1build1	all	install ok installed
libnet-smtp-ssl-perl	1.04-2	all	install ok installed
libnet-ssleay-perl	1.94-3	amd64	install ok installed
libnetplan1	1.2-1ubuntu5	amd64	install ok installed
libnettle8t64	3.10.2-1	amd64	install ok installed
libnewt0.52	0.52.25-1ubuntu3	amd64	install ok installed
libnghttp2-14	1.68.0-2ubuntu0.1	amd64	install ok installed
libnode-dev	22.22.1+dfsg+~cs22.19.15-1ubuntu1	amd64	install ok installed
libnode127	22.22.1+dfsg+~cs22.19.15-1ubuntu1	amd64	install ok installed
libnotify-bin	0.8.8-1	amd64	install ok installed
libnotify4	0.8.8-1	amd64	install ok installed
libnpth0t64	1.8-3build1	amd64	install ok installed
libnss-systemd	259.5-0ubuntu3	amd64	install ok installed
libp11-kit0	0.26.2-2	amd64	install ok installed
libpackagekit-glib2-18	1.3.4-3ubuntu1	amd64	install ok installed
libpam-cap	1:2.75-10ubuntu2	amd64	install ok installed
libpam-modules	1.7.0-5ubuntu3	amd64	install ok installed
libpam-modules-bin	1.7.0-5ubuntu3	amd64	install ok installed
libpam-runtime	1.7.0-5ubuntu3	all	install ok installed
libpam-systemd	259.5-0ubuntu3	amd64	install ok installed
libpam0g	1.7.0-5ubuntu3	amd64	install ok installed
libpango-1.0-0	1.57.0-1	amd64	install ok installed
libpangocairo-1.0-0	1.57.0-1	amd64	install ok installed
libpangoft2-1.0-0	1.57.0-1	amd64	install ok installed
libpciaccess0	0.18.1-1ubuntu4	amd64	install ok installed
libpcre2-8-0	10.46-1build1	amd64	install ok installed
libperl5.40	5.40.1-7build1	amd64	install ok installed
libpipeline1	1.5.8-2	amd64	install ok installed
libpixman-1-0	0.46.4-1	amd64	install ok installed
libpng16-16t64	1.6.57-1	amd64	install ok installed
libpolkit-agent-1-0	127-2ubuntu1	amd64	install ok installed
libpolkit-gobject-1-0	127-2ubuntu1	amd64	install ok installed
libpopt0	1.19+dfsg-2build1	amd64	install ok installed
libproc2-0	2:4.0.4-9ubuntu1	amd64	install ok installed
libpsl5t64	0.21.2-1.1build2	amd64	install ok installed
libpython3-dev	3.14.3-0ubuntu2	amd64	install ok installed
libpython3-stdlib	3.14.3-0ubuntu2	amd64	install ok installed
libpython3.14	3.14.4-1	amd64	install ok installed
libpython3.14-dev	3.14.4-1	amd64	install ok installed
libpython3.14-minimal	3.14.4-1	amd64	install ok installed
libpython3.14-stdlib	3.14.4-1	amd64	install ok installed
libpython3.14-testsuite	3.14.4-1	all	install ok installed
libquadmath0	16-20260322-1ubuntu1	amd64	install ok installed
libre2-11	20250805-1build3	amd64	install ok installed
libreadline8t64	8.3-4	amd64	install ok installed
librhash1	1.4.6-1.1	amd64	install ok installed
librsvg2-2	2.61.3+dfsg-3	amd64	install ok installed
librsvg2-common	2.61.3+dfsg-3	amd64	install ok installed
librtmp1	2.4+20151223.gitfa8646d.1-3	amd64	install ok installed
libsasl2-2	2.1.28+dfsg1-9ubuntu3	amd64	install ok installed
libsasl2-modules	2.1.28+dfsg1-9ubuntu3	amd64	install ok installed
libsasl2-modules-db	2.1.28+dfsg1-9ubuntu3	amd64	install ok installed
libseccomp2	2.6.0-2ubuntu5	amd64	install ok installed
libselinux1	3.9-4build1	amd64	install ok installed
libsemanage-common	3.9-1build1	all	install ok installed
libsemanage2	3.9-1build1	amd64	install ok installed
libsensors-config	1:3.6.2-2build1	all	install ok installed
libsensors5	1:3.6.2-2build1	amd64	install ok installed
libsepol2	3.9-2	amd64	install ok installed
libsframe3	2.46-3ubuntu2	amd64	install ok installed
libsharpyuv0	1.5.0-0.1build1	amd64	install ok installed
libsimdjson29	4.2.4-1	amd64	install ok installed
libsimdutf31	8.0.0-1	amd64	install ok installed
libslang2	2.3.3-5build1	amd64	install ok installed
libsm6	2:1.2.6-1build1	amd64	install ok installed
libsmartcols1	2.41.3-3ubuntu2	amd64	install ok installed
libsodium23	1.0.18-2	amd64	install ok installed
libsqlite3-0	3.46.1-9	amd64	install ok installed
libss2	1.47.2-3ubuntu4	amd64	install ok installed
libssh2-1t64	1.11.1-1ubuntu0.26.04.1	amd64	install ok installed
libssl-dev	3.5.5-1ubuntu3	amd64	install ok installed
libssl3t64	3.5.5-1ubuntu3	amd64	install ok installed
libstdc++-15-dev	15.2.0-16ubuntu1	amd64	install ok installed
libstdc++6	16-20260322-1ubuntu1	amd64	install ok installed
libstemmer0d	3.0.1-1	amd64	install ok installed
libsystemd-shared	259.5-0ubuntu3	amd64	install ok installed
libsystemd0	259.5-0ubuntu3	amd64	install ok installed
libtasn1-6	4.21.0-2	amd64	install ok installed
libtcl8.6	8.6.17+dfsg-1build1	amd64	install ok installed
libtext-charwidth-perl	0.04-11build4	amd64	install ok installed
libtext-iconv-perl	1.7-8.1	amd64	install ok installed
libtext-wrapi18n-perl	0.06-10	all	install ok installed
libthai-data	0.1.30-1	all	install ok installed
libthai0	0.1.30-1	amd64	install ok installed
libtie-ixhash-perl	1.23-4	all	install ok installed
libtimedate-perl	2.3300-2	all	install ok installed
libtinfo6	6.6+20251231-1	amd64	install ok installed
libtirpc-common	1.3.7-0.1	all	install ok installed
libtirpc3t64	1.3.7-0.1	amd64	install ok installed
libtk8.6	8.6.17-1build1	amd64	install ok installed
libtry-tiny-perl	0.32-1	all	install ok installed
libtsan2	16-20260322-1ubuntu1	amd64	install ok installed
libubsan1	16-20260322-1ubuntu1	amd64	install ok installed
libuchardet0	0.0.8-2	amd64	install ok installed
libudev1	259.5-0ubuntu3	amd64	install ok installed
libunistring5	1.3-2build1	amd64	install ok installed
liburi-perl	5.34-2build1	all	install ok installed
libuuid1	2.41.3-3ubuntu2	amd64	install ok installed
libuv1-dev	1.51.0-2ubuntu1	amd64	install ok installed
libuv1t64	1.51.0-2ubuntu1	amd64	install ok installed
libvulkan1	1.4.341.0-1	amd64	install ok installed
libwayland-client0	1.24.0-2	amd64	install ok installed
libwayland-cursor0	1.24.0-2	amd64	install ok installed
libwayland-egl1	1.24.0-2	amd64	install ok installed
libwww-perl	6.81-1ubuntu0.1	all	install ok installed
libwww-robotrules-perl	6.02-1build1	all	install ok installed
libx11-6	2:1.8.13-1	amd64	install ok installed
libx11-data	2:1.8.13-1	all	install ok installed
libx11-protocol-perl	0.56-9	all	install ok installed
libx11-xcb1	2:1.8.13-1	amd64	install ok installed
libxau6	1:1.0.11-1build2	amd64	install ok installed
libxaw7	2:1.0.16-1build1	amd64	install ok installed
libxcb-dri3-0	1.17.0-2ubuntu1	amd64	install ok installed
libxcb-glx0	1.17.0-2ubuntu1	amd64	install ok installed
libxcb-present0	1.17.0-2ubuntu1	amd64	install ok installed
libxcb-randr0	1.17.0-2ubuntu1	amd64	install ok installed
libxcb-render0	1.17.0-2ubuntu1	amd64	install ok installed
libxcb-shape0	1.17.0-2ubuntu1	amd64	install ok installed
libxcb-shm0	1.17.0-2ubuntu1	amd64	install ok installed
libxcb-sync1	1.17.0-2ubuntu1	amd64	install ok installed
libxcb-xfixes0	1.17.0-2ubuntu1	amd64	install ok installed
libxcb-xkb1	1.17.0-2ubuntu1	amd64	install ok installed
libxcb1	1.17.0-2ubuntu1	amd64	install ok installed
libxcomposite1	1:0.4.6-1build1	amd64	install ok installed
libxcursor1	1:1.2.3-1build1	amd64	install ok installed
libxdamage1	1:1.1.7-1	amd64	install ok installed
libxdmcp6	1:1.1.5-2	amd64	install ok installed
libxext6	2:1.3.4-1build3	amd64	install ok installed
libxfixes3	1:6.0.0-2build2	amd64	install ok installed
libxft2	2.3.6-1build2	amd64	install ok installed
libxi6	2:1.8.2-2	amd64	install ok installed
libxinerama1	2:1.1.4-3build2	amd64	install ok installed
libxkbcommon-x11-0	1.13.1-1	amd64	install ok installed
libxkbcommon0	1.13.1-1	amd64	install ok installed
libxkbfile1	1:1.1.0-1build5	amd64	install ok installed
libxml-parser-perl	2.47-1ubuntu1	amd64	install ok installed
libxml-twig-perl	1:3.54-1build1	all	install ok installed
libxml-xpathengine-perl	0.14-2	all	install ok installed
libxml2-16	2.15.2+dfsg-0.1	amd64	install ok installed
libxmlb2	0.3.24-2	amd64	install ok installed
libxmu6	2:1.1.3-4	amd64	install ok installed
libxmuu1	2:1.1.3-4	amd64	install ok installed
libxpm4	1:3.5.17-1build3	amd64	install ok installed
libxrandr2	2:1.5.4-1build1	amd64	install ok installed
libxrender1	1:0.9.12-1build1	amd64	install ok installed
libxres1	2:1.2.1-1build2	amd64	install ok installed
libxshmfence1	1.3.3-1build1	amd64	install ok installed
libxss1	1:1.2.3-1build4	amd64	install ok installed
libxt6t64	1:1.2.1-1.3build1	amd64	install ok installed
libxtables12	1.8.11-2ubuntu3	amd64	install ok installed
libxtst6	2:1.2.5-1build1	amd64	install ok installed
libxv1	2:1.0.13-1	amd64	install ok installed
libxxf86dga1	2:1.1.5-1build2	amd64	install ok installed
libxxf86vm1	1:1.1.4-2	amd64	install ok installed
libxxhash0	0.8.3-2build1	amd64	install ok installed
libyaml-0-2	0.2.5-2build3	amd64	install ok installed
libzstd1	1.5.7+dfsg-3	amd64	install ok installed
linux-libc-dev	7.0.0-22.22	amd64	install ok installed
linux-sysctl-defaults	4.15ubuntu5	all	install ok installed
locales	2.43-2ubuntu2	all	install ok installed
login	1:4.16.0-2+really2.41.3-3ubuntu2	amd64	install ok installed
login.defs	1:4.17.4-2ubuntu3	all	install ok installed
logrotate	3.22.0-1build1	amd64	install ok installed
logsave	1.47.2-3ubuntu4	amd64	install ok installed
lsb-release	12.1-2build1	all	install ok installed
lshw	02.19.git.2021.06.19.996aaad9c7-2.1ubuntu3	amd64	install ok installed
lsof	4.99.4+dfsg-2build2	amd64	install ok installed
lto-disabled-list	79	all	install ok installed
luit	2.0.20250912-1	amd64	install ok installed
make	4.4.1-3	amd64	install ok installed
man-db	2.13.1-1build1	amd64	install ok installed
manpages	6.17-1	all	install ok installed
manpages-dev	6.17-1	all	install ok installed
mawk	1.3.4.20260129-1	amd64	install ok installed
media-types	14.0.0build1	all	install ok installed
mesa-libgallium	26.0.3-1ubuntu1	amd64	install ok installed
mesa-vulkan-drivers	26.0.3-1ubuntu1	amd64	install ok installed
motd-news-config	14ubuntu6.1	all	install ok installed
mount	2.41.3-3ubuntu2	amd64	install ok installed
nano	8.7.1-1ubuntu0.1	amd64	install ok installed
ncurses-base	6.6+20251231-1	all	install ok installed
ncurses-bin	6.6+20251231-1	amd64	install ok installed
ncurses-term	6.6+20251231-1	all	install ok installed
net-tools	2.10-2ubuntu1	amd64	install ok installed
netbase	6.5build1	all	install ok installed
netcat-openbsd	1.234-1	amd64	install ok installed
netplan-generator	1.2-1ubuntu5	amd64	install ok installed
netplan.io	1.2-1ubuntu5	amd64	install ok installed
networkd-dispatcher	2.2.4-1.1ubuntu1	all	install ok installed
node-abbrev	1.1.1+~1.1.2-1	all	install ok installed
node-acorn	8.16.0+ds+~cs25.18.7-4	all	install ok installed
node-agent-base	7.1.4~0~2025070717+~cs15.2.7-1build1	all	install ok installed
node-ajv	8.17.1~ds+~3.0.1+~3.1.0-4build1	all	install ok installed
node-ajv-keywords	5.1.0-4	all	install ok installed
node-ampproject-remapping	2.2.0+~cs5.15.37-1	all	install ok installed
node-ansi-escapes	5.0.0+really.4.3.1-1	all	install ok installed
node-ansi-regex	6.2.2+~cs4.0.2-1build3	all	install ok installed
node-ansi-styles	6.2.3-1	all	install ok installed
node-anymatch	3.1.3+~cs8.0.6-1	all	install ok installed
node-aproba	2.1.0-1	all	install ok installed
node-archy	1.0.0-7	all	install ok installed
node-are-we-there-yet	4.0.2+~1.1.2-1	all	install ok installed
node-argparse	2.0.1-3	all	install ok installed
node-arrify	2.0.1-3	all	install ok installed
node-assert	2.0.0+~cs3.9.8-2	all	install ok installed
node-async	3.2.6+dfsg-3	all	install ok installed
node-async-each	1.0.3-3	all	install ok installed
node-auto-bind	4.0.0-2	all	install ok installed
node-babel-helper-define-polyfill-provider	0.3.3~0~20220913+ds1-1	all	install ok installed
node-babel-plugin-add-module-exports	1.0.4+dfsg1~cs5.8.0-4	all	install ok installed
node-babel-plugin-lodash	3.3.4+~cs2.0.1-8build1	all	install ok installed
node-babel-plugin-polyfill-corejs2	0.3.3~0~20220913+ds1-1	all	install ok installed
node-babel-plugin-polyfill-corejs3	0.6.0~0~20220913+ds1-1	all	install ok installed
node-babel-plugin-polyfill-regenerator	0.4.1~0~20220913+ds1-1	all	install ok installed
node-babel7	7.20.15+ds1+~cs214.269.168-16	all	install ok installed
node-babel7-runtime	7.20.15+ds1+~cs214.269.168-16	all	install ok installed
node-balanced-match	2.0.0-1	all	install ok installed
node-base	3.0.0-3	all	install ok installed
node-base64-js	1.5.1+dfsg+~1.3.0-3	all	install ok installed
node-binary-extensions	2.2.0-2	all	install ok installed
node-brace-expansion	2.0.1+~1.1.0-2	all	install ok installed
node-braces	3.0.3+~3.0.5-1	all	install ok installed
node-browserslist	4.28.1+~cs8.14.48-1	all	install ok installed
node-builtins	5.0.1-1	all	install ok installed
node-cacache	17.0.3+ds1+~cs8.2.7-3	all	install ok installed
node-cache-base	4.0.2-2	all	install ok installed
node-camelcase	7.0.0-4	all	install ok installed
node-caniuse-lite	1.0.30001780+dfsg+~1.0.5-1	all	install ok installed
node-chalk	5.6.2+dfsg-5build3	all	install ok installed
node-chokidar	3.6.0-5	all	install ok installed
node-chownr	3.0.0-2	all	install ok installed
node-chrome-trace-event	1.0.3-2	all	install ok installed
node-ci-info	4.4.0+~cs8.2.0-3build3	all	install ok installed
node-cjs-module-lexer	1.2.3+dfsg-1	all	install ok installed
node-cli-boxes	3.0.0-1build2	all	install ok installed
node-cli-cursor	4.0.0-4	all	install ok installed
node-cli-table	0.3.11+~cs0.13.4-3	all	install ok installed
node-cli-truncate	2.1.0-5	all	install ok installed
node-cliui	7.0.4+repack+1+~cs1.4.2-2	all	install ok installed
node-clone	2.1.2+~2.1.4-1	all	install ok installed
node-clone-deep	4.0.1+~cs7.0.2-1	all	install ok installed
node-collection-visit	1.0.0-4	all	install ok installed
node-color-convert	2.0.1+~cs2.0.0-2	all	install ok installed
node-color-name	1.1.4+~1.1.1-2	all	install ok installed
node-colors	1.4.0-4build1	all	install ok installed
node-columnify	1.6.0+~1.5.4-1	all	install ok installed
node-commander	14.0.3-7	all	install ok installed
node-commondir	1.0.1+~1.0.0-1	all	install ok installed
node-component-emitter	1.3.0+~1.2.11-2	all	install ok installed
node-concat-stream	2.0.0+~2.0.3-1	all	install ok installed
node-console-control-strings	1.1.0-3	all	install ok installed
node-convert-source-map	2.0.0+~2.0.3-2	all	install ok installed
node-copy-concurrently	1.0.5-11	all	install ok installed
node-core-js	3.33.2-1build2	all	install ok installed
node-core-js-compat	3.33.2-1build2	all	install ok installed
node-core-js-pure	3.33.2-1build2	all	install ok installed
node-core-util-is	1.0.3-1	all	install ok installed
node-corepack	0.24.0-5build1	all	install ok installed
node-coveralls	3.1.1-4	all	install ok installed
node-css-loader	6.8.1+~cs14.0.17-2	all	install ok installed
node-css-selector-tokenizer	0.8.0+~cs4.8.3-1	all	install ok installed
node-data-uri-to-buffer	6.0.2~0~2025070717+~cs15.2.7-1build1	all	install ok installed
node-debbundle-es-to-primitive	1.2.1+~cs9.7.25-2	all	install ok installed
node-debug	4.4.3+~4.1.13-1	all	install ok installed
node-decamelize	4.0.0-2	all	install ok installed
node-decompress-response	6.0.0-3	all	install ok installed
node-deep-equal	2.2.3+~cs43.15.94-1	all	install ok installed
node-deep-is	0.1.4-1	all	install ok installed
node-defaults	1.0.4+~1.0.3-1	all	install ok installed
node-define-properties	1.2.1+~cs2.2.3-1	all	install ok installed
node-define-property	2.0.2+really+2.0.2-3	all	install ok installed
node-defined	1.0.1+~1.0.2-1	all	install ok installed
node-del	7.1.0-2	all	install ok installed
node-delegates	1.0.0-3	all	install ok installed
node-depd	2.0.0-2	all	install ok installed
node-diff	5.0.0~dfsg+~5.0.1-6	all	install ok installed
node-doctrine	3.0.0-4	all	install ok installed
node-electron-to-chromium	1.5.322-1	all	install ok installed
node-encoding	0.1.13-2	all	install ok installed
node-enhanced-resolve	5.15.0-1	all	install ok installed
node-envinfo	7.11.0+~cs14.3.0-7build1	all	install ok installed
node-err-code	2.0.3+dfsg-3	all	install ok installed
node-errno	1.0.0-3	all	install ok installed
node-error-ex	1.3.4-1	all	install ok installed
node-es-abstract	1.20.4+~cs26.27.47-2	all	install ok installed
node-es-module-lexer	1.1.0+dfsg-3	all	install ok installed
node-es6-error	4.1.1-5	all	install ok installed
node-escape-string-regexp	4.0.0-2	all	install ok installed
node-escodegen	2.1.0+dfsg+~0.0.10-2	all	install ok installed
node-eslint-scope	7.1.1+~3.7.4-1	all	install ok installed
node-eslint-utils	3.0.0-4	all	install ok installed
node-eslint-visitor-keys	3.3.0+~1.0.0-2	all	install ok installed
node-espree	9.4.1~dfsg-2	all	install ok installed
node-esprima	4.0.1+ds+~4.0.3-2	all	install ok installed
node-esquery	1.4.2~ds-2	all	install ok installed
node-esrecurse	4.3.0-2	all	install ok installed
node-estraverse	5.3.0+ds+~5.1.1-1	all	install ok installed
node-esutils	2.0.3+~2.0.2-2	all	install ok installed
node-events	3.3.0+~3.0.3-1	all	install ok installed
node-execa	8.0.1+dfsg1+~cs12.0.0-1build2	all	install ok installed
node-fancy-log	1.3.3+~cs1.3.1-2	all	install ok installed
node-fast-deep-equal	3.1.3-3	all	install ok installed
node-fast-levenshtein	2.0.6+ds-3	all	install ok installed
node-fetch	3.3.2+~cs11.4.11-3	all	install ok installed
node-file-entry-cache	6.0.1+~3.0.4+~2.0.0+~1.0.0+~2.0.1-5	all	install ok installed
node-fill-range	7.1.1+~7.0.3-1	all	install ok installed
node-find-cache-dir	3.3.2+~3.2.1-1	all	install ok installed
node-find-up	6.3.0-8	all	install ok installed
node-flat-cache	3.0.4~6.0.1+~3.0.4+~2.0.0+~1.0.0+~2.0.1-5	all	install ok installed
node-flatted	3.4.2~ds-1	all	install ok installed
node-for-in	1.0.2-4	all	install ok installed
node-for-own	1.0.0-3	all	install ok installed
node-foreground-child	4.0.3-1	all	install ok installed
node-fs-readdir-recursive	1.1.0+~1.1.3-1	all	install ok installed
node-fs-write-stream-atomic	1.0.10-6	all	install ok installed
node-function-bind	1.1.2+~cs2.1.14-2	all	install ok installed
node-functional-red-black-tree	1.0.1+20181105-8	all	install ok installed
node-gauge	4.0.4-2	all	install ok installed
node-get-caller-file	2.0.5+~cs1.1.1-4	all	install ok installed
node-get-stream	8.0.1-11	all	install ok installed
node-get-value	1:3.0.1-4	all	install ok installed
node-glob	10.3.6+~cs0.4.15-8build1	all	install ok installed
node-glob-parent	6.0.2+~5.1.3-1	all	install ok installed
node-globals	13.23.0-1	all	install ok installed
node-globby	13.1.3+~cs16.25.40-4	all	install ok installed
node-got	11.8.5+~cs58.13.36-6	all	install ok installed
node-graceful-fs	4.2.11-1	all	install ok installed
node-growl	1.10.5-4	all	install ok installed
node-gyp	12.1.0+~6.1.0-3	all	install ok installed
node-has-flag	5.0.1-1	all	install ok installed
node-has-unicode	2.0.1-5	all	install ok installed
node-has-value	2.0.2-4	all	install ok installed
node-has-values	2.0.1-4	all	install ok installed
node-hosted-git-info	9.0.2-1build1	all	install ok installed
node-http-proxy-agent	7.0.2~0~2025070717+~cs15.2.7-1build1	all	install ok installed
node-https-proxy-agent	7.0.6~0~2025070717+~cs15.2.7-1build1	all	install ok installed
node-iconv-lite	0.6.3-3	all	install ok installed
node-icss-utils	5.1.0+~5.1.2-1	all	install ok installed
node-ieee754	1.2.1-3	all	install ok installed
node-iferr	1.0.2+~1.0.4-1	all	install ok installed
node-ignore	5.2.1-1	all	install ok installed
node-imurmurhash	0.1.4+dfsg+~0.1.1-2	all	install ok installed
node-indent-string	4.0.0-2	all	install ok installed
node-inherits	2.0.4-6	all	install ok installed
node-ini	3.0.1-2	all	install ok installed
node-interpret	2.2.0-3	all	install ok installed
node-ip	2.0.1+~1.1.3-3	all	install ok installed
node-ip-regex	4.3.0+~4.1.1-1	all	install ok installed
node-is-arrayish	0.3.4-1	all	install ok installed
node-is-binary-path	2.1.0-5	all	install ok installed
node-is-buffer	2.0.5-2	all	install ok installed
node-is-descriptor	3.0.0-2	all	install ok installed
node-is-extendable	1.0.1-3	all	install ok installed
node-is-extglob	2.1.1-5	all	install ok installed
node-is-glob	4.0.3-2	all	install ok installed
node-is-number	7.0.0-4	all	install ok installed
node-is-path-cwd	2.2.0-2	all	install ok installed
node-is-path-inside	3.0.3-2	all	install ok installed
node-is-plain-obj	3.0.0-2	all	install ok installed
node-is-plain-object	5.0.0-8	all	install ok installed
node-is-primitive	3.0.1-3	all	install ok installed
node-is-stream	3.0.0-5	all	install ok installed
node-is-windows	1.0.2+~cs1.0.0-1	all	install ok installed
node-isarray	2.0.5-4	all	install ok installed
node-isexe	2.0.0+~2.0.1-5	all	install ok installed
node-isobject	4.0.0-2	all	install ok installed
node-istanbul	0.4.5+repack10+~cs98.25.59-7	all	install ok installed
node-jest-debbundle	29.6.2~ds3+~cs73.45.28-3build3	all	install ok installed
node-jest-worker	29.6.2~ds3+~cs73.45.28-3build3	all	install ok installed
node-js-tokens	8.0.0-2	all	install ok installed
node-js-yaml	4.1.1+dfsg+~4.0.9-1	all	install ok installed
node-jsesc	3.0.2+~3.0.1-1	all	install ok installed
node-json-buffer	3.0.1+~3.0.2-1	all	install ok installed
node-json-parse-better-errors	1.0.2+~cs3.3.1-3	all	install ok installed
node-json-schema	0.4.0+~7.0.15-1	all	install ok installed
node-json-schema-traverse	1.0.0-3	all	install ok installed
node-json-stable-stringify	1.0.2+repack1+~cs1.0.34-2	all	install ok installed
node-json5	2.2.3+dfsg-3	all	install ok installed
node-jsonify	0.0.1-1	all	install ok installed
node-jsonparse	1.3.1-10	all	install ok installed
node-kind-of	6.0.3+dfsg-2	all	install ok installed
node-lcov-parse	1.0.0+20170612git80d039574ed9-7	all	install ok installed
node-levn	0.4.1+dfsg-2	all	install ok installed
node-llhttp	9.3.3~really9.3.0+~cs12.11.8-3build1	all	install ok installed
node-loader-runner	4.3.1-1	all	install ok installed
node-locate-path	7.1.1-2	all	install ok installed
node-lodash	4.17.23+dfsg-1	all	install ok installed
node-lodash-packages	4.17.23+dfsg-1	all	install ok installed
node-log-driver	1.2.7+git+20180219+bba1761737-8	all	install ok installed
node-long	5.2.3-3	all	install ok installed
node-lowercase-keys	2.0.0-2	all	install ok installed
node-lru-cache	10.0.1-3	all	install ok installed
node-make-dir	3.1.0-3	all	install ok installed
node-map-visit	1.0.0-4	all	install ok installed
node-memfs	3.4.12+~cs1.0.3-1	all	install ok installed
node-memory-fs	0.5.0+~0.3.3-2	all	install ok installed
node-merge-stream	2.0.0+~1.1.2-2	all	install ok installed
node-micromatch	4.0.8+~4.0.10-2	all	install ok installed
node-mime	4.1.0+dfsg+~cs8.97.10-6build5	all	install ok installed
node-mime-types	3.0.2+~3.0.1-1	all	install ok installed
node-mimic-fn	4.0.0-6	all	install ok installed
node-mimic-response	3.1.0-9	all	install ok installed
node-minimatch	9.0.3-6	all	install ok installed
node-minimist	1.2.8+~cs5.3.5-1	all	install ok installed
node-minipass	5.0.0+~cs13.3.24-1build1	all	install ok installed
node-mixin-deep	2.0.1-3	all	install ok installed
node-mkdirp	2.1.6+~cs5.2.1-5	all	install ok installed
node-move-concurrently	1.0.1-7	all	install ok installed
node-ms	2.1.3+~cs0.7.31-3	all	install ok installed
node-mute-stream	0.0.8+~0.0.1-3	all	install ok installed
node-n3	1.16.3+~1.2.3+~1.10.4-3	all	install ok installed
node-negotiator	0.6.3+~0.6.1-1	all	install ok installed
node-neo-async	2.6.2+~cs3.0.0-3	all	install ok installed
node-nopt	9.0.0-1build1	all	install ok installed
node-normalize-package-data	8.0.0+~2.4.4-3build1	all	install ok installed
node-normalize-path	3.0.0+~3.0.2-1	all	install ok installed
node-npm-bundled	2.0.1-2	all	install ok installed
node-npm-package-arg	10.0.0+~3.0.0-2	all	install ok installed
node-npm-run-path	5.1.0+~4.0.0-9	all	install ok installed
node-npmlog	7.0.1+~4.1.4-1	all	install ok installed
node-object-assign	4.1.1-7	all	install ok installed
node-object-inspect	1.12.2+~cs1.8.1-1	all	install ok installed
node-object-visit	1.0.1-5	all	install ok installed
node-once	1.4.1-1	all	install ok installed
node-opener	1.5.2+~1.4.3-1	all	install ok installed
node-optimist	0.6.1+~0.0.30-2	all	install ok installed
node-optionator	0.9.1+dfsg+~cs1.2.3-1	all	install ok installed
node-osenv	0.1.5+~0.1.3-1	all	install ok installed
node-p-cancelable	2.1.1-1	all	install ok installed
node-p-limit	4.0.0+~cs4.0.0-5	all	install ok installed
node-p-locate	6.0.0-14	all	install ok installed
node-p-map	4.0.0+~3.1.0+~3.0.1-2	all	install ok installed
node-parse-json	5.2.0+~cs5.1.7-2	all	install ok installed
node-pascalcase	1.0.0-1	all	install ok installed
node-path-dirname	1.0.2-2	all	install ok installed
node-path-exists	5.0.0-9	all	install ok installed
node-path-is-absolute	2.0.0-2	all	install ok installed
node-path-is-inside	1.0.2+~1.0.3-1	all	install ok installed
node-path-scurry	1.9.2-2	all	install ok installed
node-path-type	4.0.0-3	all	install ok installed
node-picocolors	1.1.1-1	all	install ok installed
node-pify	5.0.0+~cs5.0.1-1	all	install ok installed
node-pkg-dir	5.0.0-2	all	install ok installed
node-postcss	8.5.8+~cs9.3.30-1	all	install ok installed
node-postcss-modules-extract-imports	3.1.0-1	all	install ok installed
node-postcss-modules-values	4.0.0+~4.0.2-1	all	install ok installed
node-postcss-value-parser	4.2.0-1	all	install ok installed
node-prelude-ls	1.2.1+dfsg-3	all	install ok installed
node-process-nextick-args	2.0.1-3	all	install ok installed
node-progress	2.0.3-2	all	install ok installed
node-promise-inflight	1.0.1+~1.0.3-1	all	install ok installed
node-promise-retry	2.0.1-4	all	install ok installed
node-promzard	0.3.0-2	all	install ok installed
node-prr	1.0.1-3	all	install ok installed
node-punycode	2.3.1+~2.1.4-1	all	install ok installed
node-quick-lru	6.1.1-4	all	install ok installed
node-randombytes	2.1.0+~2.0.3-1	all	install ok installed
node-re2	1.23.3+~cs1.3.5-1	amd64	install ok installed
node-read	1.0.7-5	all	install ok installed
node-read-package-json	5.0.2+~2.0.0-5build1	all	install ok installed
node-read-pkg	5.2.0-2	all	install ok installed
node-readable-stream	3.6.0+~cs3.0.0-4build1	all	install ok installed
node-readdirp	3.6.0-3	all	install ok installed
node-rechoir	0.8.0+~0.6.4-1	all	install ok installed
node-regenerate	1.4.2-3	all	install ok installed
node-regenerate-unicode-properties	10.2.2+ds-2	all	install ok installed
node-regenerator-runtime	0.15.2+~0.10.8-1	all	install ok installed
node-regenerator-transform	0.15.2+~0.10.8-1	all	install ok installed
node-regexpp	3.2.0-7	all	install ok installed
node-regexpu-core	6.2.0-2build1	all	install ok installed
node-regjsgen	0.8.0+ds-1	all	install ok installed
node-regjsparser	0.12.0+ds-2	all	install ok installed
node-repeat-string	1.6.1+repack-1	all	install ok installed
node-require-directory	2.1.1+~2.1.7-1	all	install ok installed
node-require-from-string	2.0.2+~1.2.3-1	all	install ok installed
node-resolve	1.22.10+~cs5.37.15-1	all	install ok installed
node-resolve-cwd	3.0.0-2	all	install ok installed
node-resolve-from	5.0.0+~3.1.0+~3.3.0+~2.0.0-1	all	install ok installed
node-restore-cursor	4.0.0-4	all	install ok installed
node-resumer	0.0.0-6	all	install ok installed
node-retry	0.13.1.+~cs2.19.16-1	all	install ok installed
node-rimraf	4.4.1-6	all	install ok installed
node-run-queue	2.0.0-3	all	install ok installed
node-safe-buffer	5.2.1+~cs2.1.2-3	all	install ok installed
node-schema-utils	4.2.0~ds-4	all	install ok installed
node-semver	7.6.1+~7.5.8-2	all	install ok installed
node-serialize-javascript	7.0.4+~5.0.4-1	all	install ok installed
node-set-blocking	2.0.0-2	all	install ok installed
node-set-immediate-shim	2.0.0-2	all	install ok installed
node-set-value	4.1.0+~4.0.3-1	all	install ok installed
node-shebang-command	2.0.0-1	all	install ok installed
node-shebang-regex	3.0.0-2	all	install ok installed
node-shell-quote	1.8.3+~1.7.5-1	all	install ok installed
node-signal-exit	4.1.0-8	all	install ok installed
node-slash	5.1.0-2build1	all	install ok installed
node-slice-ansi	5.0.0+~cs9.0.0-5	all	install ok installed
node-source-list-map	2.0.1+dfsg+~0.1.2-1	all	install ok installed
node-source-map	0.7.0++dfsg2+really.0.6.1-15	all	install ok installed
node-source-map-support	0.5.21+ds+~0.5.10-2	all	install ok installed
node-spdx-correct	3.2.0+~3.1.3-1	all	install ok installed
node-spdx-exceptions	2.5.0-1	all	install ok installed
node-spdx-expression-parse	4.0.0+~3.0.5-1	all	install ok installed
node-spdx-license-ids	3.26.0-1	all	install ok installed
node-sprintf-js	1.1.3+ds1+~1.1.4-2	all	install ok installed
node-ssri	9.0.1-3	all	install ok installed
node-stack-utils	2.0.6+~2.0.3-1	all	install ok installed
node-string-decoder	1.3.0-6	all	install ok installed
node-string-width	4.2.3+~cs13.2.3-1	all	install ok installed
node-strip-ansi	7.2.0-1	all	install ok installed
node-strip-bom	4.0.0-2	all	install ok installed
node-strip-eof	3.0.0-6	all	install ok installed
node-strip-json-comments	4.0.0-4	all	install ok installed
node-supports-color	10.2.2+ds-3	all	install ok installed
node-tap	16.3.7+ds3+~cs49.5.20-6	all	install ok installed
node-tap-mocha-reporter	5.0.4+~2.1.0-1	all	install ok installed
node-tap-parser	13.0.1+~cs4.1.3-4	all	install ok installed
node-tapable	2.2.1-3	all	install ok installed
node-tape	5.6.1+~cs8.20.19-5	all	install ok installed
node-tar	6.2.1+ds1+~cs6.1.13-10	all	install ok installed
node-terser	5.46.1-4	all	install ok installed
node-text-table	0.2.0-5	all	install ok installed
node-through	2.3.8+~cs0.0.33-1	all	install ok installed
node-time-stamp	2.2.0-2	all	install ok installed
node-to-fast-properties	3.0.1-3	all	install ok installed
node-to-regex-range	5.0.1-4	all	install ok installed
node-tslib	2.4.1-1	all	install ok installed
node-type-check	0.4.0+dfsg-3	all	install ok installed
node-typedarray	0.0.7-1	all	install ok installed
node-undici	7.18.2+dfsg+~cs3.2.0-1build1	all	install ok installed
node-unicode-canonical-property-names-ecmascript	2.0.1-1	all	install ok installed
node-unicode-match-property-ecmascript	2.0.0-2	all	install ok installed
node-unicode-match-property-value-ecmascript	2.2.0+ds-1build1	all	install ok installed
node-unicode-property-aliases-ecmascript	2.1.0+ds-1	all	install ok installed
node-union-value	2.0.1-4	all	install ok installed
node-unique-filename	1.1.1+ds-2	all	install ok installed
node-unset-value	2.0.1-1	all	install ok installed
node-util	0.12.5+~1.0.10-2	all	install ok installed
node-util-deprecate	1.0.2-4	all	install ok installed
node-uuid	8.3.2+~8.3.4-3	all	install ok installed
node-v8-compile-cache	2.4.0-4	all	install ok installed
node-v8flags	3.2.0+~3.1.1-1	all	install ok installed
node-validate-npm-package-license	3.0.4-3	all	install ok installed
node-validate-npm-package-name	5.0.0+~4.0.0-1	all	install ok installed
node-watchpack	2.4.0+~cs2.8.1-1	all	install ok installed
node-wcwidth.js	1.0.2-2	all	install ok installed
node-webassemblyjs	1.14.1+dfsg3+~cs1.2.7-2	all	install ok installed
node-webpack-sources	3.2.3+~3.2.0-2	all	install ok installed
node-which	2.0.2+~cs1.3.2-5	all	install ok installed
node-wide-align	1.1.3-4	all	install ok installed
node-widest-line	3.1.0-2	all	install ok installed
node-wordwrap	1.0.0-4	all	install ok installed
node-wrap-ansi	8.0.1+~8.0.1-3	all	install ok installed
node-wrappy	1.0.2-3	all	install ok installed
node-write	2.0.0~6.0.1+~3.0.4+~2.0.0+~1.0.0+~2.0.1-5	all	install ok installed
node-write-file-atomic	7.0.1+~4.0.3-1	all	install ok installed
node-ws	8.19.0+~cs14.19.1-1	all	install ok installed
node-xtend	4.0.2-3	all	install ok installed
node-y18n	5.0.8+~5.0.0-4	all	install ok installed
node-yallist	4.0.0+~4.0.1-2	all	install ok installed
node-yaml	2.8.3+~cs0.4.0-1	all	install ok installed
node-yargs	16.2.0+~16.0.4-7	all	install ok installed
node-yargs-parser	21.1.1+~21.0.0-4	all	install ok installed
nodejs	22.22.1+dfsg+~cs22.19.15-1ubuntu1	amd64	install ok installed
nodejs-doc	22.22.1+dfsg+~cs22.19.15-1ubuntu1	all	install ok installed
npm	9.2.0~ds3-1	all	install ok installed
openssh-client	1:10.2p1-2ubuntu3.2	amd64	install ok installed
openssl	3.5.5-1ubuntu3	amd64	install ok installed
openssl-provider-legacy	3.5.5-1ubuntu3	amd64	install ok installed
packagekit	1.3.4-3ubuntu1	amd64	install ok installed
passwd	1:4.17.4-2ubuntu3	amd64	install ok installed
pastebinit	1.8.0-1	all	install ok installed
patch	2.8-2build1	amd64	install ok installed
pci.ids	0.0~2026.02.12-1	all	install ok installed
perl	5.40.1-7build1	amd64	install ok installed
perl-base	5.40.1-7build1	amd64	install ok installed
perl-modules-5.40	5.40.1-7build1	all	install ok installed
perl-openssl-defaults	7build4	amd64	install ok installed
pinentry-curses	1.3.2-3ubuntu1	amd64	install ok installed
polkitd	127-2ubuntu1	amd64	install ok installed
procps	2:4.0.4-9ubuntu1	amd64	install ok installed
psmisc	23.7-2ubuntu2	amd64	install ok installed
publicsuffix	20260129.1928-1	all	install ok installed
python-apt-common	3.1.0ubuntu1	all	install ok installed
python-babel-localedata	2.17.0-2	all	install ok installed
python3	3.14.3-0ubuntu2	amd64	install ok installed
python3-apport	2.34.0-0ubuntu2	all	install ok installed
python3-apt	3.1.0ubuntu1	amd64	install ok installed
python3-attr	25.4.0-1build1	all	install ok installed
python3-autocommand	2.2.2-4	all	install ok installed
python3-automat	25.4.16-1build1	all	install ok installed
python3-babel	2.17.0-2	all	install ok installed
python3-bcrypt	5.0.0-3build1	amd64	install ok installed
python3-blinker	1.9.0-2build1	all	install ok installed
python3-certifi	2026.1.4+ds-1	all	install ok installed
python3-cffi-backend	2.0.0-3build1	amd64	install ok installed
python3-chardet	5.2.0+dfsg-2build1	all	install ok installed
python3-click	8.2.0+0.really.8.1.8-1build1	all	install ok installed
python3-commandnotfound	23.04.0build1	all	install ok installed
python3-configobj	5.0.9-1build1	all	install ok installed
python3-constantly	23.10.4-2build1	all	install ok installed
python3-cryptography	46.0.5-1ubuntu2	amd64	install ok installed
python3-dbus	1.4.0-1build2	amd64	install ok installed
python3-debconf	1.5.92	all	install ok installed
python3-dev	3.14.3-0ubuntu2	amd64	install ok installed
python3-distro	1.9.0-1build1	all	install ok installed
python3-distro-info	1.15	all	install ok installed
python3-distupgrade	1:26.04.18	all	install ok installed
python3-doc	3.14.3-0ubuntu2	all	install ok installed
python3-examples	3.14.3-0ubuntu2	all	install ok installed
python3-full	3.14.3-0ubuntu2	amd64	install ok installed
python3-gdbm	3.14.3-0ubuntu2	amd64	install ok installed
python3-gi	3.56.2-1	amd64	install ok installed
python3-hamcrest	2.1.0-3	all	install ok installed
python3-httplib2	0.22.0-1build1	all	install ok installed
python3-hyperlink	21.0.0-6build1	all	install ok installed
python3-idna	3.11-1	all	install ok installed
python3-incremental	24.7.2-4	all	install ok installed
python3-inflect	7.5.0-1build1	all	install ok installed
python3-jaraco.context	6.0.1-2	all	install ok installed
python3-jaraco.functools	4.1.0-1build1	all	install ok installed
python3-jaraco.text	4.0.0-1build1	all	install ok installed
python3-jinja2	3.1.6-1build1	all	install ok installed
python3-json-pointer	2.4-4	all	install ok installed
python3-jsonpatch	1.32-6	all	install ok installed
python3-jsonschema	4.19.2-6ubuntu2	all	install ok installed
python3-jsonschema-specifications	2023.12.1-4	all	install ok installed
python3-jwt	2.10.1-4ubuntu1	all	install ok installed
python3-launchpadlib	2.1.0-1build1	all	install ok installed
python3-lazr.restfulclient	0.14.6-3build1	all	install ok installed
python3-lazr.uri	1.0.6-7build1	all	install ok installed
python3-linkify-it	2.0.3-1ubuntu3	all	install ok installed
python3-markdown-it	3.0.0-3build1	all	install ok installed
python3-markupsafe	3.0.3-1build1	amd64	install ok installed
python3-mdurl	0.1.2-1build1	all	install ok installed
python3-minimal	3.14.3-0ubuntu2	amd64	install ok installed
python3-more-itertools	10.8.0-1build1	all	install ok installed
python3-netifaces	0.11.0-2build7	amd64	install ok installed
python3-netplan	1.2-1ubuntu5	amd64	install ok installed
python3-newt	0.52.25-1ubuntu3	amd64	install ok installed
python3-oauthlib	3.3.1-1build1	all	install ok installed
python3-openssl	25.3.0-1ubuntu1	all	install ok installed
python3-packaging	26.0-1	all	install ok installed
python3-passlib	1.9.3-1ubuntu1	all	install ok installed
python3-pip	25.1.1+dfsg-1ubuntu2	all	install ok installed
python3-pip-whl	25.1.1+dfsg-1ubuntu2	all	install ok installed
python3-pkg-resources	78.1.1-0.1build1	all	install ok installed
python3-problem-report	2.34.0-0ubuntu2	all	install ok installed
python3-pyasn1	0.6.3-1	all	install ok installed
python3-pyasn1-modules	0.4.1-2build1	all	install ok installed
python3-pycurl	7.45.7-3build1	amd64	install ok installed
python3-pygments	2.19.2+dfsg-1	all	install ok installed
python3-pyparsing	3.3.2-2	all	install ok installed
python3-referencing	0.36.2-1ubuntu2	all	install ok installed
python3-requests	2.32.5+dfsg-1ubuntu1	all	install ok installed
python3-rich	13.9.4-1.2	all	install ok installed
python3-rpds-py	0.27.1-2ubuntu3	amd64	install ok installed
python3-serial	3.5-2build1	all	install ok installed
python3-service-identity	24.2.0-1build1	all	install ok installed
python3-setuptools	78.1.1-0.1build1	all	install ok installed
python3-setuptools-whl	78.1.1-0.1build1	all	install ok installed
python3-software-properties	0.120	all	install ok installed
python3-systemd	235-1build9	amd64	install ok installed
python3-tk	3.14.3-0ubuntu2	amd64	install ok installed
python3-twisted	25.5.0-5ubuntu0.1	all	install ok installed
python3-typeguard	4.4.4-2	all	install ok installed
python3-typing-extensions	4.15.0-2	all	install ok installed
python3-uc-micro	1.0.3-1build1	all	install ok installed
python3-update-manager	1:26.04.5	all	install ok installed
python3-urllib3	2.6.3-1ubuntu1.1	all	install ok installed
python3-venv	3.14.3-0ubuntu2	amd64	install ok installed
python3-wadllib	2.0.0-3	all	install ok installed
python3-wheel	0.46.3-2	all	install ok installed
python3-yaml	6.0.3-1build1	amd64	install ok installed
python3-zipp	3.23.0-1build1	all	install ok installed
python3-zope.interface	8.2-1build1	amd64	install ok installed
python3.14	3.14.4-1	amd64	install ok installed
python3.14-dev	3.14.4-1	amd64	install ok installed
python3.14-doc	3.14.4-1	all	install ok installed
python3.14-examples	3.14.4-1	all	install ok installed
python3.14-full	3.14.4-1	amd64	install ok installed
python3.14-gdbm	3.14.4-1	amd64	install ok installed
python3.14-minimal	3.14.4-1	amd64	install ok installed
python3.14-tk	3.14.4-1	amd64	install ok installed
python3.14-venv	3.14.4-1	amd64	install ok installed
readline-common	8.3-4	all	install ok installed
rpcsvc-proto	1.4.3-1build1	amd64	install ok installed
rsync	3.4.1+ds1-7ubuntu0.2	amd64	install ok installed
rsyslog	8.2512.0-1ubuntu4	amd64	install ok installed
run-one	1.17-0ubuntu3	all	install ok installed
rust-coreutils	0.8.0-0ubuntu3	amd64	install ok installed
screen	4.9.1-3ubuntu2	amd64	install ok installed
sed	4.9-2ubuntu1	amd64	install ok installed
sensible-utils	0.0.26build1	all	install ok installed
sgml-base	1.31+nmu1build1	all	install ok installed
shared-mime-info	2.4-5build3	amd64	install ok installed
show-motd	3.12build1	all	install ok installed
snapd	2.75.2+ubuntu26.04.2	amd64	install ok installed
software-properties-common	0.120	all	install ok installed
squashfs-tools	1:4.7.5-1	amd64	install ok installed
sudo	1.9.17p2-1ubuntu3	amd64	install ok installed
sudo-common	1.2ubuntu	all	install ok installed
sudo-rs	0.2.13-0ubuntu1	amd64	install ok installed
systemd	259.5-0ubuntu3	amd64	install ok installed
systemd-cryptsetup	259.5-0ubuntu3	amd64	install ok installed
systemd-hwe-hwdb	259.5.3ubuntu	all	install ok installed
systemd-resolved	259.5-0ubuntu3	amd64	install ok installed
systemd-sysv	259.5-0ubuntu3	amd64	install ok installed
sysvinit-utils	3.15-5ubuntu1	amd64	install ok installed
tar	1.35+dfsg-4	amd64	install ok installed
terser	5.46.1-4	all	install ok installed
time	1.9-0.4	amd64	install ok installed
tmux	3.6a-2	amd64	install ok installed
tzdata	2026a-3ubuntu1	all	install ok installed
ubuntu-insights	0.9.3ubuntu	amd64	install ok installed
ubuntu-keyring	2023.11.28.1build1	all	install ok installed
ubuntu-minimal	1.570	amd64	install ok installed
ubuntu-pro-client	37.2ubuntu	amd64	install ok installed
ubuntu-pro-client-l10n	37.2ubuntu	amd64	install ok installed
ubuntu-release-upgrader-core	1:26.04.18	all	install ok installed
ubuntu-wsl	1.570	amd64	install ok installed
ucf	3.0052ubuntu1	all	install ok installed
udev	259.5-0ubuntu3	amd64	install ok installed
unattended-upgrades	2.12ubuntu9	all	install ok installed
update-manager-core	1:26.04.5	all	install ok installed
update-motd	3.12build1	all	install ok installed
usb.ids	2025.12.13-1	all	install ok installed
user-session-migration	0.5.1	amd64	install ok installed
util-linux	2.41.3-3ubuntu2	amd64	install ok installed
vim	2:9.1.2141-1ubuntu4.2	amd64	install ok installed
vim-common	2:9.1.2141-1ubuntu4.2	all	install ok installed
vim-runtime	2:9.1.2141-1ubuntu4.2	all	install ok installed
vim-tiny	2:9.1.2141-1ubuntu4.2	amd64	install ok installed
wabt	1.0.36+dfsg+~cs1.0.36-2ubuntu1	amd64	install ok installed
webpack	5.105.4+dfsg1+~cs15.13.23-2	all	install ok installed
wget	1.25.0-2ubuntu4	amd64	install ok installed
whiptail	0.52.25-1ubuntu3	amd64	install ok installed
wsl-pro-service	0.1.19ubuntu2	amd64	install ok installed
wsl-setup	0.6.2ubuntu	amd64	install ok installed
x11-common	1:7.7+26ubuntu1	all	install ok installed
x11-utils	7.7+7build1	amd64	install ok installed
x11-xserver-utils	7.7+11build1	amd64	install ok installed
xauth	1:1.1.2-1.1build1	amd64	install ok installed
xdg-user-dirs	0.19-1	amd64	install ok installed
xdg-utils	1.2.1-2ubuntu2	all	install ok installed
xkb-data	2.46-2	all	install ok installed
xml-core	0.19build1	all	install ok installed
xxd	2:9.1.2141-1ubuntu4.2	amd64	install ok installed
xz-utils	5.8.3-1	amd64	install ok installed
zlib1g	1:1.3.dfsg+really1.3.1-1ubuntu3	amd64	install ok installed
zlib1g-dev	1:1.3.dfsg+really1.3.1-1ubuntu3	amd64	install ok installed
zstd	1.5.7+dfsg-3	amd64	install ok installed
